Data;EXP_BC_US;EXP_CL_US;EXP_BI_US;EXP_BK_US;EXP_BNEA_US;IMP_BK_US;IMP_BC_US;IMP_BI_US;IMP_BK_US;IMP_BNEA_US
15/01/2000;735700406;103593354;2280244987;324063434;3166325;567413913;350483538;2319478712;567413913;24471120
15/02/2000;890445621;115512325;2571205884;540457010;3172551;696154414;375253883;2588381431;696154414;3185111
15/03/2000;911874542;123438428;2809342201;618363203;4429275;642721039;461259855;2791662998;642721039;41046495
15/04/2000;865439497;69413424;2740829936;490226856;4310885;605392774;401397108;2615540976;605392774;153115
15/05/2000;931331574;178446301;3270544742;672642320;7424327;714954827;443781760;2985794481;714954827;40309
15/06/2000;1023456856;160269858;3094768367;564888156;6718920;680684399;393621452;2956774846;680684399;97966
15/07/2000;1038179333;270637693;3168589320;517764202;5136903;760385056;486888664;3066004334;760385056;493606
15/08/2000;1146601102;186808113;3422249757;755483517;5265425;768291393;523966583;3391912781;768291393;613822
15/09/2000;998796176;175785342;2870336465;655092930;5718703;779443258;578187039;3096647409;779443258;234364
15/10/2000;1067201501;108921517;2908431677;544968330;5297902;758456045;521150848;3283592548;758456045;1352838
15/11/2000;969682162;142780954;2792251316;464449017;5013184;779754836;575542559;3143517498;779754836;58474
15/12/2000;1026456528;237362905;2719506359;656449778;6219972;940181243;566842830;2846256853;940181243;253007
15/01/2001;842662337;402895391;2751114112;527158600;4845416;890240713;469984000;3025942770;890240713;340898
15/02/2001;918103273;352706405;2307768947;468174816;16134223;693875023;395256683;2531687878;693875023;15982102
15/03/2001;1080071238;224584468;3058678569;784921475;5513718;931409795;587368498;3393260756;931409795;604950
15/04/2001;997443455;337686640;2817639576;555766304;5167733;701479529;531955320;3016809790;701479529;417715
15/05/2001;1107821444;288296570;3383804873;574416288;7844562;885716891;504616112;3221770128;885716891;426423
15/06/2001;1100016021;266932909;3065043490;593687510;7728277;754034595;459572173;2871116042;754034595;398771
15/07/2001;1144985807;241373791;3105326019;461422050;4457152;768331521;505943759;2998265533;768331521;2913339
15/08/2001;1255872285;240389427;3495288292;721207410;7180545;808216021;496768988;3178183890;808216021;2025834
15/09/2001;1130543989;202432587;2857064383;542527764;5661700;687656337;431869657;2507578381;687656337;3170981
15/10/2001;1251453238;207272517;3086221910;395807283;3177187;739488267;491001814;2861433624;739488267;1473300
15/11/2001;1167084016;215877892;2628230944;470966067;5222366;671386795;475995826;2499724189;671386795;18069932
15/12/2001;1014571337;221661485;2552540557;537487614;4357989;648288196;402837245;2051287172;648288196;340080
15/01/2002;824920064;168681683;2273785787;677815093;6835521;701691574;373487327;2342133861;701691574;551710
15/02/2002;957020453;135905708;2170244952;383777102;5742996;554428338;341300112;2135239993;554428338;0
15/03/2002;1028145481;292321989;2464375112;462735576;4177163;550711189;442221529;2271364095;550711189;350526
15/04/2002;1016324080;274383773;2868340556;448902045;4118630;621889543;424275893;2497840130;621889543;3539534
15/05/2002;1027540607;363395480;2645396662;383111035;4631516;585755356;395439583;2424896926;585755356;31843637
15/06/2002;1023736704;283596970;2397099400;356417502;4005497;437468881;347354010;2251594730;437468881;10107
15/07/2002;1238981712;528341540;3957931473;472052191;4875565;707605944;437987379;3278302159;707605944;254178
15/08/2002;1258750211;373668268;3686886530;414745031;4471015;532752607;401386702;2743918062;532752607;374830
15/09/2002;1322839154;425283260;4312361036;412922697;5422605;476263687;349785342;2494463674;476263687;905870
15/10/2002;1398241600;503961280;3997756786;551472283;5033051;491074689;416238101;2664775950;491074689;434642
15/11/2002;1208394498;304292179;3204244875;382045352;3658023;437151842;414694397;2457383715;437151842;436716
15/12/2002;1194594006;338678187;3034311590;640480707;2976261;475091689;343728666;2051058270;475091689;2704624
15/01/2003;1009170606;337679675;3087251927;343064297;3111832;461569485;338105663;2377954776;461569485;125674
15/02/2003;1119524859;515131426;2947050188;395747304;4243603;474430264;320769037;2506480570;474430264;92752
15/03/2003;1172200839;530170453;3130362277;373614296;3509628;402077965;351752241;2410884629;402077965;92549
15/04/2003;1227600439;395839556;3626964523;426221347;5080131;453760169;337338483;2519403036;453760169;83715
15/05/2003;1236850334;350973593;4273157533;496819823;5319463;406064683;341920402;2680035306;406064683;365901
15/06/2003;1220135126;279832936;3852322309;495023426;3988933;421311229;330862528;2301114770;421311229;668584
15/07/2003;1383350190;366004402;3883131662;449797574;5213860;448843235;369625298;2772114261;448843235;414783
15/08/2003;1508705648;360973850;4026812790;485719829;4568958;394704491;347062570;2448068604;394704491;394366
15/09/2003;1609136380;516983244;4598620289;524561642;5856161;529099160;421900743;2945883106;529099160;76039
15/10/2003;1646169406;498413277;4759757205;622803765;5503671;573307925;439415453;3118710887;573307925;100086506
15/11/2003;1481780294;381376979;3575347858;475760680;3961023;435603541;406630241;2876648677;435603541;161163
15/12/2003;1499356373;480813817;3918235279;823943366;6124536;525806440;402960197;2693273195;525806440;132884
15/01/2004;1221108554;410083691;3687109082;462494843;4547742;432044260;334565806;2774762837;432044260;30629
15/02/2004;1270595679;390183962;3482313598;564426516;8061174;464225081;343430324;2486512749;464225081;676026
15/03/2004;1675748574;518955404;4889331206;816286597;6808883;576308489;470815308;3599769605;576308489;282987
15/04/2004;1458720427;346678470;4074659746;695911835;5451950;551234238;379450207;2936743856;551234238;138012
15/05/2004;1600252343;530355075;4898035109;888760262;4258248;551746675;442799561;2959508915;551746675;91827
15/06/2004;1751431556;660141790;5994365860;896583518;3968032;543910834;461230533;3541449055;543910834;280362
15/07/2004;1829960924;529207373;5687730313;910921364;5080840;558339822;477550392;3522991214;558339822;663548
15/08/2004;1893123009;726399046;5509533511;902942989;7690804;595432370;442894440;3650020846;595432370;240264
15/09/2004;1841467677;371051832;5804401255;886886296;6261883;582493245;495318020;3788157219;582493245;241413
15/10/2004;1905052189;459303874;4950989075;854872059;7506180;567727808;459705603;3608310839;567727808;139148
15/11/2004;1780335552;528347419;4957514663;873976937;5548548;652768819;564690551;3868188097;652768819;89001
15/12/2004;1834750492;685287236;5072038942;1069202747;6657614;649627060;526547221;3575448305;649627060;517381
15/01/2005;1539497795;516300158;4614701630;803630137;6470603;593438176;433798969;3466669527;593438176;1589891
15/02/2005;1760264296;469881000;4789578723;750852165;7144111;549302009;432793301;3090320124;549302009;128738
15/03/2005;2050615596;467661403;5833539287;898426617;7933675;717246427;560563204;3744054223;717246427;897415
15/04/2005;2036417767;656886087;5680885623;865567546;7381175;627467445;468095174;3541152063;627467445;559181
15/05/2005;2215955602;604181272;6056216228;966782371;6594433;758323759;513095090;3823451364;758323759;300169
15/06/2005;2263356595;435020552;6532908371;981912960;6877359;744437530;607633100;4107004288;744437530;814565
15/07/2005;2290860711;1505281102;6308292959;973278809;6564461;670737507;530422097;3968685452;670737507;88017
15/08/2005;2402978865;1202240508;6578575597;1153971574;7585713;823305080;622137470;4620065490;823305080;185867
15/09/2005;2350988937;1091356391;6012579626;1196071931;7374711;811690608;607448150;3890873088;811690608;97017
15/10/2005;2264332369;799147229;5880719204;978069277;7229110;717282976;624923467;3822205385;717282976;824765
15/11/2005;2223181821;1234434198;6249263121;1125921411;8777629;755300615;718235851;4156952182;755300615;331153
15/12/2005;2225475807;777981796;6364733098;1531299248;5827057;819758066;711392142;3913061451;819758066;510172
15/01/2006;1881476936;1313469252;5330389732;749229013;7583636;759390245;620487935;4090632787;759390245;307826
15/02/2006;1955668136;707450675;5208305953;877676400;8042405;657519090;564122234;3685385470;657519090;953811
15/03/2006;2350761683;958128240;6962612068;1095454690;12526020;903632815;787571569;4706768517;903632815;2392507
15/04/2006;2007396171;1072674489;5760072738;974733046;7247214;719219414;689063537;4149817074;719219414;681968
15/05/2006;2293870338;731936497;6283950123;961557895;6114528;865998948;801940181;4489935935;865998948;272922
15/06/2006;2218322884;1001264564;6994226228;1221344295;6696615;919004334;760538588;4396000011;919004334;299199
15/07/2006;2398004972;1870754354;8455226011;907314078;6540696;932662042;797523499;4996820445;932662042;335326
15/08/2006;2718803305;1599567222;8173652378;1144737854;9712893;943497911;942507028;5518442224;943497911;265657
15/09/2006;2352170454;1713451184;7356099255;1126281793;8051534;930597036;933318413;4963510720;930597036;128239
15/10/2006;2805485947;1114236899;7548112680;1178900211;9167560;970103380;959806408;5348980506;970103380;1804297
15/11/2006;2656430843;957744799;7167965759;1085221715;7126758;929815291;1039799455;4960054858;929815291;175158
15/12/2006;2424436870;1306493580;7029786529;1480800865;8689747;979745584;981123635;4355364407;979745584;274307
15/01/2007;2251761720;1186354459;6709506675;810366787;8858953;1030153888;845891040;5138863958;1030153888;200319
15/02/2007;2135444725;929393759;6147101802;886791037;8529214;796038369;782590043;4538028885;796038369;817789
15/03/2007;2565957658;1146211948;7568787276;1566783245;11131391;1085017735;1147198727;5839704479;1085017735;511858
15/04/2007;2465723725;1355754874;7509612417;1092865142;9046423;974647025;990645166;5123778395;974647025;128884
15/05/2007;2710155766;1360998529;8334777345;1212775699;8867059;1206653077;1096462785;6004650608;1206653077;212186
15/06/2007;2520934118;1203862243;7984897668;1369525269;8761330;1142842360;1024942767;5664929977;1142842360;158783
15/07/2007;2679554854;1562766909;8714781534;1121070444;8519834;1226958251;1160847332;6360635728;1226958251;440951
15/08/2007;2912631800;1781158986;9031621167;1357648077;10649609;1418189872;1288831746;7090289957;1418189872;551566
15/09/2007;2596461947;1440168226;7812131800;1736409337;8070420;1312040568;1261781792;6180105323;1312040568;139048
15/10/2007;3164918820;1818324226;9291807142;1437977445;31732041;1316310029;1589169710;7353634622;1316310029;1288732
15/11/2007;2847001419;1650884954;7819734789;1675063191;8661553;1381840236;1518317395;6852885402;1381840236;171214
15/12/2007;2588498792;1965474249;7850985471;1801317380;8819161;1398993849;1310058263;5932586737;1398993849;2890804
15/01/2008;2740225476;1531049669;7772227263;1179862253;10868283;1640302777;1358197469;7793200443;1640302777;902898
15/02/2008;2562373971;1427008682;7490167073;1272921482;11418223;1396841026;1268703451;7275186413;1396841026;786109
15/03/2008;2618267033;1014163289;7349835109;1573275074;10117025;1206471060;1390474103;6757029961;1206471060;3549672
15/04/2008;2697892784;1094914863;8924512157;1310497780;10871288;1516807938;1444807256;7215428017;1516807938;321567
15/05/2008;3120094870;3041093554;11643025106;1428019999;11824686;1763296770;1491112167;8723053829;1763296770;502171
15/06/2008;3188194633;2990231439;10610090779;1772971132;11216226;1778311956;1670084605;9026627277;1778311956;601785
15/07/2008;3348199139;2742822177;12839106027;1461163297;10127166;2103555448;1842982419;9847932498;2103555448;2515036
15/08/2008;3227949602;3312855616;11621750339;1505580864;10807041;2287612936;1905536259;9563019631;2287612936;625913
15/09/2008;3418565693;2205207919;11695687159;1759140130;12606738;2149789627;2159015692;9972075761;2149789627;965290
15/10/2008;3417148181;2416152456;11107704650;1469191648;13478390;2075979557;1961692996;9980255240;2075979557;732936
15/11/2008;2642701788;1761280165;8233441715;1411890106;8604215;1704724626;1743348443;8001886447;1704724626;1152611
15/12/2008;2484149952;1889700061;7369231109;1939969914;9179719;1938908732;1458292045;6142908744;1938908732;2351173
15/01/2009;1873971993;694766032;6355558123;726759632;12295604;1736549684;1248018449;5916790668;1736549684;1833883
15/02/2009;1907492194;911299651;5839959017;822665275;10483614;1257424171;1102290156;4593756875;1257424171;910658
15/03/2009;2317932959;701318858;7530812943;1045329719;12390888;1665473409;1629709493;5519953497;1665473409;1407530
15/04/2009;2162274427;914156184;8295307544;815453029;34643725;1631586556;1318801756;4791727485;1631586556;1189637
15/05/2009;2247404457;1178389256;7754865600;732164764;8287741;1432145212;1376307072;5258298359;1432145212;811073
15/06/2009;2414298870;1142244547;9608938127;1170371136;9042408;1359869135;1393037534;5768668312;1359869135;1178673
15/07/2009;2477922595;2181921539;8629054318;750509251;11263962;1490872155;1586005412;6576411869;1490872155;10946463
15/08/2009;2386260788;2117223984;8435102934;844085418;9454123;1372470966;1614214396;6545947806;1372470966;1419267
15/09/2009;2464700048;1517089148;8702125334;1107507347;10431590;1561740547;1854508478;7280635581;1561740547;5789146
15/10/2009;2757523168;1983415954;8389521419;876952329;8390376;1557608636;1985486079;7470439880;1557608636;57674282
15/11/2009;2591650041;1735282012;7242595892;920711926;7982756;1608485171;2031816742;6922195855;1608485171;767346
15/12/2009;2637492315;2415002870;7945432460;1375242892;8947080;1793800410;2119922630;6534126481;1793800410;32196312
15/01/2010;2110764463;1773887415;6524041549;732713622;11598654;1525684298;1676450255;6966550058;1525684298;6055925
15/02/2010;2371713000;1845466172;7108709929;728952333;11801835;1511567858;1664154136;6953318620;1511567858;1011366
15/03/2010;2650954401;2088664687;9631934928;1250835731;15497178;1934203350;2225434023;8827748313;1934203350;10639138
15/04/2010;2459907638;1760201047;9841701111;1002180811;10169032;1633390501;1881203817;7909584198;1633390501;19020534
15/05/2010;2692471996;2389373069;11423964899;1117497539;8870761;1957927835;2132318055;8154881133;1957927835;2436797
15/06/2010;2794692119;1859795156;11126202830;1222665676;9064079;2177253944;2118604018;8305552819;2177253944;1204123
15/07/2010;3017427534;1371239091;11959651826;1195495758;11656326;2351713589;2209259096;9318561865;2351713589;1647711
15/08/2010;3072149330;2189206174;12635392693;1171970797;16277318;2641960885;2462154377;9564835932;2641960885;18537487
15/09/2010;3048062444;1980793529;12364636214;1322182739;10630815;2688761457;2637648007;9856477373;2688761457;2372647
15/10/2010;3074780763;1314205017;12454799238;1283624081;9161670;2295331553;2556326705;9474256661;2295331553;1097343
15/11/2010;2815784853;1858017331;11520096718;1355264223;9431879;2479627708;2840213899;9558416017;2479627708;2670830
15/12/2010;2754214363;3860437177;12337656635;1831087090;12507540;2479948687;2692330253;8753034119;2479948687;1512633
15/01/2011;2297355200;1968893646;9981397465;774476920;9487226;2106669589;2326003347;8751202396;2106669589;23819809
15/02/2011;2594139595;2536406177;10383281090;1092400374;14807524;2151277168;2452872636;8609552245;2151277168;2131009
15/03/2011;2899618354;2007266135;12894156683;1352471035;19045276;2318568243;2713947472;9968875513;2318568243;2223808
15/04/2011;2687348949;2299160260;13878721603;1206692807;11078943;2395935911;2774453719;9863448360;2395935911;641364
15/05/2011;2727134245;3569372573;15322536119;1414274586;24086543;2730130655;2667859133;10991242611;2730130655;6262835
15/06/2011;3068501529;2937719602;15105217627;1396518424;10408829;2510913233;2767058323;10742011103;2510913233;1234147
15/07/2011;3120855349;2975908084;14935023583;1143997430;17257740;2439900595;2915533585;11011924011;2439900595;14651024
15/08/2011;3333208847;3550866526;17361088083;1818605112;12934514;2981918433;3306594781;12530587206;2981918433;1796217
15/09/2011;3049383031;2324445570;16095615950;1709750201;12175181;2472147067;3011709315;11237242009;2472147067;3432639
15/10/2011;3283242643;2640160684;14496833339;1622798438;13039371;2556346793;3034617583;10522871482;2556346793;646746
15/11/2011;3301935150;2388076079;14403045871;1562153739;10871072;3013515116;3734105962;10915788903;3013515116;24968037
15/12/2011;3197653484;3393211331;13416521243;1974490488;17186035;2836696923;3153168358;9529145804;2836696923;1149829
15/01/2012;2428108079;2411077194;10018989501;1071992784;19009475;2329463734;2763666353;9748337196;2329463734;610442
15/02/2012;2561763527;2922299123;10766029419;1662372660;14034537;2363417754;2680586575;8962943394;2363417754;17556966
15/03/2012;2874669701;3080168800;13113562589;1654290201;16677204;2482381813;3044877019;10342169629;2482381813;1736622
15/04/2012;2390758426;3183708988;12408231030;1467657220;11248931;2605577561;2493879444;9792604306;2605577561;2938749
15/05/2012;3028166452;2880278327;15718043282;1506594238;12990173;3230799101;2836296173;10859632400;3230799101;11493482
15/06/2012;2471534740;1877185567;13297642933;1521814566;13511704;2525325380;2357060346;9890960830;2525325380;1802739
15/07/2012;2647333015;2256878671;14478887264;1435386703;18636134;2493909589;2573924648;10256154784;2493909589;3554819
15/08/2012;2804659119;3166489350;14457993520;1798552208;13622059;2696594629;3004400151;11708211422;2696594629;3810818
15/09/2012;2895968206;2242392615;13170573414;1568931919;12249981;2518513824;2655511875;9922349159;2518513824;6665619
15/10/2012;3315134794;1587083817;14604991838;1667939408;12342605;3036212325;3163848327;11767720090;3036212325;5369529
15/11/2012;2941243518;2462308443;12518790125;1772374854;12994675;2698820526;2996608233;10319839690;2698820526;1826191
15/12/2012;2825185047;3090532611;12127498817;1627167750;13984307;2675438496;2808863048;9439395599;2675438496;3472511
15/01/2013;2821419735;1119815598;10956610572;844187850;15114437;2649933536;2713469220;10573731454;2649933536;4433140
15/02/2013;2690221697;1518255585;10271824571;985074995;13560939;2513810383;2350603367;8960414586;2513810383;2504510
15/03/2013;2719975626;2129833536;12270597369;1226180835;13883067;2581818208;2878192920;10492775107;2581818208;3847835
15/04/2013;3063323626;1546132675;14685160148;1241323175;14903834;2842314482;3105255619;11484779629;2842314482;2438504
15/05/2013;3065151021;1870835533;15345958075;1359574701;13343126;2799947684;2797459240;11337119321;2799947684;5809419
15/06/2013;2701025199;1395300052;14035012210;1187100449;13403525;2981530476;2852710803;10671684768;2981530476;1288150
15/07/2013;3059360715;1602786355;14217235552;1464299485;13709556;2768994929;3048573886;11890369928;2768994929;63904430
15/08/2013;3116810229;1791262928;14880920321;1411762876;13749476;2643986697;3083354613;12090362963;2643986697;1875996
15/09/2013;2995285960;2569173184;13958225368;1205556147;17361805;2449921118;2758665005;11148938383;2449921118;1607145
15/10/2013;3364352171;1785977505;13830746758;1639225071;16420827;2949314079;3493437389;12590081286;2949314079;5932135
15/11/2013;3092104692;2256975264;12063060135;1488000094;18265885;2573540735;2877081071;10975502184;2573540735;4438574
15/12/2013;3051438618;2497394872;11849123180;2123854257;15712559;2944640781;2717051058;9444026891;2944640781;7024611
15/01/2014;2516674601;1813988321;10403658051;987461184;19884616;2991883420;2739964756;11062700974;2991883420;2285275
15/02/2014;2522634149;1607388121;10582027105;1099713770;14086867;2208677941;2498482913;9759791004;2208677941;2324641
15/03/2014;2426624735;1571802768;12217735832;1235801960;15762596;2255513086;2708558764;10266725960;2255513086;3830913
15/04/2014;2628802883;1800328889;13858915333;1273606111;15596718;2578412886;2647669134;10626456931;2578412886;5170637
15/05/2014;2721385409;2104595713;14357420768;1342397106;14577535;2653777666;2788840810;11422468885;2653777666;5930966
15/06/2014;2676321445;2396732563;13973445152;1214904586;26671715;2412554110;2691425887;9678510435;2412554110;10752132
15/07/2014;2972079581;3407369272;14377198978;1146100571;18709680;2526990806;2847926483;11512546838;2526990806;7380894
15/08/2014;2748133460;2338062114;13052317511;1067984908;18155908;2263244030;2845332743;11213305658;2263244030;10402497
15/09/2014;2863842775;2178807346;13107542847;1202480727;17500563;2430544523;2933206139;11187340643;2430544523;80849729
15/10/2014;3206321270;1866617530;11917262971;1163123209;16462921;2537234035;3118855811;11288579493;2537234035;11177652
15/11/2014;2592337182;1889736607;9755398562;1256420890;12491129;2391961921;2686585500;10021010898;2391961921;11666218
15/12/2014;2875486347;1872879846;10958282228;1571355906;11827397;2242573960;2619988890;8837177364;2242573960;12363095
15/01/2015;2054785599;1608565778;9086083823;718182410;13883723;2591715798;2347501116;9669922463;2591715798;3514086
15/02/2015;2101036802;957078873;8026725558;913131388;12604341;1693341819;2203966608;8460077385;1693341819;1010832
15/03/2015;2599141392;1223853386;11697061318;1213523805;15251209;2069016537;2785492907;9761604306;2069016537;6990032
15/04/2015;2153699136;1414956682;10317481342;1069568461;31063263;2083618214;2227062529;8605729635;2083618214;13724765
15/05/2015;2445809370;1593232615;11653605650;920598320;12430455;1856019180;2162271627;8307552558;1856019180;7045729
15/06/2015;2769842767;1971431906;12664640058;1326989009;13223701;2047515983;2418555721;8619837361;2047515983;6720560
15/07/2015;2761168117;1560896339;12824197859;1168974096;19640190;2407639088;2618770938;9319480657;2407639088;6138757
15/08/2015;2321111567;1544939911;10565207989;875949970;12962377;1828860794;2205675422;7682640696;1828860794;37314555
15/09/2015;2396484361;1090888710;10890457414;1078464664;11340423;1707591471;2108767549;7945222634;1707591471;7806605
15/10/2015;2620401582;1228010995;10789536352;1113027947;11388325;1665191775;2239823682;7949223891;1665191775;1747333
15/11/2015;2586568068;926400601;8903611713;1176118452;10894875;1673800981;1891565529;7247812695;1673800981;8868389
15/12/2015;2687112055;1136048567;10091417127;1767294704;12357573;1687544094;1622954478;5834484530;1687544094;86308799
15/01/2016;1836701390;1015901387;7420571660;739916994;11526058;1933143573;1590411432;5946728679;1933143573;6130165
15/02/2016;2445341384;668671065;8941023798;1035578877;13250359;1203698404;1847849633;6022020188;1203698404;3112076
15/03/2016;2587398398;726773041;11159068389;1360173125;12126994;1516733965;1923650000;6993324249;1516733965;5461049
15/04/2016;2370245653;964138624;10771499689;964540562;11806864;1317807149;1616263227;6497060069;1317807149;5262255
15/05/2016;2465853937;834353582;12063376434;1221217615;11533175;1420800060;1672342390;7046388073;1420800060;14876822
15/06/2016;2581650639;1285522316;11356276920;1361066153;18429728;2669195548;1770647819;7257973262;2669195548;15500643
15/07/2016;2407519054;1189500954;10530030562;1004969189;10695966;1732189611;1677569446;7369328604;1732189611;6503056
15/08/2016;2717010192;1363149546;11232631087;1538913667;11326650;1380044573;2090830394;8370928308;1380044573;39112335
15/09/2016;2734841420;1440468457;10252231295;1243548298;13285814;1224898410;1893927306;7773966214;1224898410;11374140
15/10/2016;2430335164;1394895554;8584505966;1175147081;9558438;1268190093;1848519928;7265236905;1268190093;10649535
15/11/2016;2753766510;1423138395;8886250842;1138523623;11145408;1296956112;1879165292;7339841875;1296956112;2360229
15/12/2016;2896887067;969218826;10171699270;1569742031;165658078;1403378723;1938278323;7061083602;1403378723;1827521
15/01/2017;2407709423;2213840635;9460985982;733132886;12206844;1272530746;1799034782;8048057141;1272530746;3618876
15/02/2017;2419174016;2428686009;9374086482;1042319193;11710900;1020570633;1672427176;6640313513;1020570633;3964809
15/03/2017;2966435716;1733994319;13677684268;1463596287;13027117;1476825734;2031603537;8516908161;1476825734;59066200
15/04/2017;2604642022;1328381133;12295977973;1243349621;12221601;1189489906;1550106762;7343123147;1189489906;360923
15/05/2017;2926584837;1459981748;13897570813;1431474450;10428327;1259554658;2107007740;8111219534;1259554658;10293745
15/06/2017;2856455427;2314529196;12919300296;1433558794;11308096;1344622525;1822816766;8460292832;1344622525;2358566
15/07/2017;2834117771;1963938412;11528689529;1321518747;10635637;1412067559;1741521065;8445325608;1412067559;3178109
15/08/2017;3247249966;1701623926;12873210585;1501542850;13172670;1555840771;2121912278;9453410503;1555840771;591598
15/09/2017;2979154522;1497736863;12700408964;1345331030;10582759;1642562957;2097190417;9051498097;1642562957;1550276
15/10/2017;3168000954;1530323052;12624084890;1358350356;13570596;1673536889;2133664064;8905864569;1673536889;4441315
15/11/2017;2976808150;1122432087;11084267514;1389541169;11186299;1515384963;2271543607;8406458216;1515384963;14250033
15/12/2017;2930576360;1626164531;11366640771;1542354098;10538884;1537425012;2005649679;7983865298;1537425012;5489616
15/01/2018;2494725652;2471975532;10747916137;1043572100;11535237;1508346635;2149571656;9187940983;1508346635;12992451
15/02/2018;2663104673;2066050214;9978997509;1081632200;12203140;1365796329;2037080698;8037305485;1365796329;540725
15/03/2018;2983270504;2335302070;13384543564;1509547906;15999602;1668698540;2168272066;8883182367;1668698540;7687639
15/04/2018;2389537052;2379019738;13401679821;1495990663;12108977;1863361964;2028757067;9078062151;1863361964;2143495
15/05/2018;2396183411;2020304436;13742899062;1101211228;11002935;1547790101;2237168654;8524127947;1547790101;13266386
15/06/2018;2141439846;1780032537;14319839328;1578839195;9870486;1782079971;2204265297;9361559156;1782079971;6286632
15/07/2018;2614162869;4029183467;13328736191;1071154547;12051533;3209476417;2195609124;10617995380;3209476417;1288133
15/08/2018;2897004780;2410878358;13402669341;1362011510;11574263;3903752065;2418040635;10930342351;3903752065;19515210
15/09/2018;2637871592;3015454673;12276115394;1101674784;9907092;1675792901;2016450588;9489506747;1675792901;78531179
15/10/2018;2780193255;3798786613;13725853435;1360184498;6347088;1939111325;2407556446;10159027132;1939111325;10678079
15/11/2018;2534515630;2653412619;12796121783;1214964857;724324;1758049909;2111350110;9696773942;1758049909;13642652
15/12/2018;2671850154;2330435251;12759126806;1496084670;137267;1623818959;1660782272;8031502246;1623818959;2785412
15/01/2019;1921119475;2464099687;11330570151;919711852;2593467;3742103447;2078718264;9643298904;3742103447;15182935
15/02/2019;2376742585;1937871445;10498266090;805168669;31558;1476877153;2018989228;8714738957;1476877153;4300009
15/03/2019;2376038378;2199051447;11749682653;983882240;66906;1694503496;1991712794;8632800983;1694503496;1570206
15/04/2019;2509577542;3452481316;11932050839;1195582025;954591;1704612000;1901338852;9226172937;1704612000;1076961
15/05/2019;2528386725;2754450247;13974281227;1243246727;133630;1898264303;2193169731;9796205393;1898264303;4596305
15/06/2019;2458386255;1986215788;12747080511;1115035301;3837;1780114010;1763125266;8716060878;1780114010;1512648
15/07/2019;2714206486;2121765647;13925804416;1158901316;5897;2456487403;2327045306;11069541607;2456487403;3847164
15/08/2019;2617391570;2349627024;13530108797;1068424197;0;3458884863;2155531447;10352410037;3458884863;17510335
15/09/2019;2818042448;2542489490;12250693342;1009584868;4225;1787875109;2051416323;9782333506;1787875109;3779617
15/10/2019;2802539390;2619050106;12979494604;1082803711;25000;2117004201;2304753961;10728791736;2117004201;32918415
15/11/2019;3006135433;1978697693;11383559111;1241421100;20;1867450519;2118336809;8650342870;1867450519;4218456
15/12/2019;2922107637;3623067424;10539515618;1378577913;0;1668343001;1933923281;7825784050;1668343001;38090972
15/01/2020;2159259848;2349354211;9181219653;739881555;0;3966465208;2224674021;9306018201;3966465208;4464712
15/02/2020;2255504203;2882242088;9527478932;691224297;0;2620877139;1851339160;7790469123;2620877139;609060
15/03/2020;2486021316;2639898448;12440368898;746061687;0;1985038763;1865553752;9031441185;1985038763;3589365
15/04/2020;1959036071;2176236655;12982258995;476266929;0;1240687415;1410696342;7496331286;1240687415;8885368
15/05/2020;2272665734;1712530878;13118512632;415890846;241000;1283988165;1502620855;7024697083;1283988165;7423186
15/06/2020;2314571040;1522960681;13033359980;608047737;31904;1445220063;1574496806;6774813814;1445220063;2817169
15/07/2020;2590990023;2366229675;13711366894;747420572;12;1538609478;1693806563;7576562558;1538609478;1376107
15/08/2020;2496977865;1794989423;12486104669;625703531;0;1430336886;1567029168;7703442938;1430336886;16150071
15/09/2020;2568118614;1694097736;13016050293;945112569;8500;1884847064;1701398486;8655570539;1884847064;2615803
15/10/2020;2689527074;1454606930;12459440520;1045761072;0;1649606767;1860139666;8779778889;1649606767;6437071
15/11/2020;2840766266;1842551842;11751278041;910304389;0;1858222614;2045285501;9882875048;1858222614;4567492
15/12/2020;2783779652;2259059225;12061046232;1347533482;290336;3270234852;1904157614;9394175374;3270234852;1837321
15/01/2021;2092095257;1973272464;10245186787;637071495;0;2109816220;1752313454;10050994401;2109816220;4319618
15/02/2021;2270579269;2064330060;11163831447;876512581;37513;1663631421;1739380728;9619411705;1663631421;3265799
15/03/2021;2798493241;3046399492;17526497019;964367039;3061;2140651900;2209335989;11660774730;2140651900;1450931
15/04/2021;2810690119;3648125374;18742637148;857979210;5;1982471603;1814519916;10399268925;1982471603;7594507
15/05/2021;2838091142;3097722396;19240663258;1024185810;0;1960520472;2044308325;11724412364;1960520472;6648328
15/06/2021;2918814126;4313288633;19919400624;1106391755;0;1887717088;2050450929;12018371382;1887717088;14345251
15/07/2021;3179685150;2861031004;18526279006;941600343;0;1980451441;1978226856;11985880684;1980451441;5200314
15/08/2021;3364833181;3736348916;18950905053;1164288750;0;1978231248;2050550958;12953620499;1978231248;2691887
15/09/2021;3503477578;3105549416;16601520436;1165582080;0;2168066321;2088824333;13480803125;2168066321;8454105
15/10/2021;2837722628;3851897567;14854252465;1058764304;270;1927479161;2061292588;13777359013;1927479161;10432056
15/11/2021;2771846476;2426416850;14164513246;1138989638;0;2168206850;2212737038;14035460929;2168206850;9143270
15/12/2021;3247074390;3694952205;15874197390;1616182768;25;2400624084;2014589342;13144188393;2400624084;6344923
15/01/2022;2827252187;3086224459;13145047886;721404362;0;1881608509;1872271271;12139855080;1881608509;5202639
15/02/2022;3061355017;4802623482;14684276072;965050546;0;1925982940;1932580668;12452667669;1925982940;4160613
15/03/2022;3529927361;4532605403;20116157634;1243629607;191;2334919627;2552106040;13806006139;2334919627;5721814
15/04/2022;3527010790;4217899741;20089507905;1134959744;316507;2093353248;2078107019;13305585428;2093353248;8499253
15/05/2022;3596264672;3939023953;20841947592;1265518519;96461;2306174371;2217840325;16335621046;2306174371;2733823
15/06/2022;4000502656;5330419428;21998739644;1412532815;0;2139868036;2317014794;15346100965;2139868036;11536153
15/07/2022;3852228115;5021291759;19791704902;1179098653;1211;2190736004;2133397346;16378787884;2190736004;29849450
15/08/2022;4288729451;4995031503;20017272755;1483861997;2013128;2654003071;2695954859;17191663123;2654003071;18958567
15/09/2022;3968547895;4480235309;18819604008;1318755005;191925;2600795871;2584999579;15294781454;2600795871;11315152
15/10/2022;3961056839;3937619834;17600544860;1353070742;184186;2757434951;2471768134;14337143924;2757434951;9876025
15/11/2022;3501418639;6044128466;16716705067;1389991279;60000;2653618215;2617251601;13229882168;2653618215;12262723
15/12/2022;3507062757;5355780900;15522962273;1956529060;61068;2541362827;2458044815;12643113745;2541362827;30069455
15/01/2023;3288505990;4157002803;14307647095;1068646358;62645;2308004480;2556772481;12943999329;2308004480;5067715
15/02/2023;2903364594;2112035254;14116268280;1122951231;50000;2058255142;2241214386;10717153617;2058255142;7266553
15/03/2023;3570560343;6251719549;21595990497;1405640789;450;2637358029;2842303714;13565249966;2637358029;13921938
15/04/2023;3214725513;3067535433;19469522514;1345563642;23008;2207207669;2476885725;11826535159;2207207669;13088056
15/05/2023;3727886785;4927691626;22543311279;1523720462;0;2696475550;2705766294;13194315832;2696475550;11383817
15/06/2023;3662827483;3779672560;20494162565;2022750838;624;2551633255;2562769952;11861029103;2551633255;8247052
