Data,Soma de IPVA,Soma de TotRecTributaria,Soma de ICMS_STS_TRANSPORTE,Soma de ICMS_STS_COMUNICACAO,Soma de ICMS_STC_VAREJISTA,Soma de ICMS_STC_ATACADISTA,Soma de ICMS_ST_OUTROS,Soma de ICMS_Setor_SECUNDARIO,Soma de ICMS_Setor_PRIMARIO,Soma de ICMS_OUTRAS,Soma de ICMS_PetroCombusLubr,Soma de ICMS_ENERGIA,Soma de ICMS_DivAtiva,UF
2000-02-15 00:00:00,"1509081,00","52704712,00","685794,00","4668537,00","7257192,00","9115334,00","259187,00","10126916,00","517261,00","35790,00","14179988,00","2661084,00","0,00","Brasil, MA"
2000-03-15 00:00:00,"2377282,00","53543181,00","2223498,00","3753067,00","6854457,00","9661277,00","352707,00","10159632,00","671074,00","76168,00","12064070,00","3409814,00","0,00","Brasil, MA"
2000-04-15 00:00:00,"2765977,00","40708977,00","590158,00","3610115,00","6866631,00","6160471,00","259078,00","5811920,00","567354,00","57348,00","8963290,00","3228328,00","0,00","Brasil, MA"
2000-05-15 00:00:00,"3783381,00","49072966,00","491277,00","5777618,00","8882714,00","5635398,00","263463,00","5988554,00","763385,00","43465,00","7991792,00","7094543,00","0,00","Brasil, MA"
2000-06-15 00:00:00,"3908195,00","62893177,00","1396729,00","5144718,00","9617362,00","7520718,00","306509,00","6319076,00","764793,00","46735,00","18540712,00","7200517,00","0,00","Brasil, MA"
2000-07-15 00:00:00,"4214981,00","62456453,00","502482,00","5240313,00","8415505,00","9060613,00","355799,00","7681270,00","625106,00","593596,00","14592816,00","8932158,00","0,00","Brasil, MA"
2000-08-15 00:00:00,"3952888,00","68223533,00","720501,00","5306320,00","9396334,00","7253073,00","348579,00","8963534,00","721016,00","657452,00","21239148,00","7293578,00","0,00","Brasil, MA"
2000-09-15 00:00:00,"1918153,00","60770185,00","638494,00","5833857,00","7882149,00","7411509,00","369534,00","9433079,00","623940,00","748351,00","16397979,00","7781903,00","0,00","Brasil, MA"
2000-10-15 00:00:00,"1480647,00","58985646,00","611974,00","6170667,00","9354504,00","6176663,00","1504088,00","8204087,00","679183,00","465919,00","14297598,00","8263038,00","0,00","Brasil, MA"
2000-11-15 00:00:00,"1196241,00","63357496,00","783508,00","6380408,00","9066393,00","6950304,00","1189741,00","10157214,00","740212,00","462579,00","16228218,00","8491761,00","0,00","Brasil, MA"
2000-12-15 00:00:00,"994627,00","58651145,00","748208,00","4734094,00","8603484,00","7006477,00","2363755,00","9142824,00","563732,00","508474,00","14763725,00","7614149,00","0,00","Brasil, MA"
2001-01-15 00:00:00,"1065577,00","76500576,00","922023,00","9355099,00","10899854,00","7385532,00","2104245,00","9224572,00","565870,00","0,00","25179621,00","8341100,00","0,00","Brasil, MA"
2001-02-15 00:00:00,"1562502,00","60206219,00","1050454,00","5377388,00","7674726,00","5921582,00","1620800,00","9499236,00","7339352,00","0,00","10025331,00","8887249,00","0,00","Brasil, MA"
2001-03-15 00:00:00,"2969783,00","62279195,00","914176,00","7009070,00","8443968,00","6117847,00","1908816,00","7847070,00","2486180,00","0,00","14372236,00","8503171,00","0,00","Brasil, MA"
2001-04-15 00:00:00,"3254474,00","68015718,00","742121,00","8299036,00","8155026,00","6475317,00","1496690,00","9187790,00","6825995,00","0,00","12213763,00","9534317,00","0,00","Brasil, MA"
2001-05-15 00:00:00,"4160619,00","67496977,00","6494770,00","9274088,00","8457959,00","6120773,00","2113834,00","8208429,00","1050748,00","0,00","10848507,00","8784551,00","0,00","Brasil, MA"
2001-06-15 00:00:00,"3949728,00","78902874,00","0,00","0,00","0,00","0,00","0,00","0,00","0,00","73267679,00","0,00","0,00","0,00","Brasil, MA"
2001-07-15 00:00:00,"4904726,00","69906680,00","4213218,00","10288214,00","9273171,00","6228030,00","3398338,00","12423606,00","576056,00","0,00","7725670,00","8997158,00","0,00","Brasil, MA"
2001-08-15 00:00:00,"4478397,00","83419816,00","893501,00","11547882,00","9055456,00","6609586,00","5785362,00","11514134,00","2926667,00","0,00","20949881,00","7568047,00","0,00","Brasil, MA"
2001-09-15 00:00:00,"2277467,00","67193995,00","3162413,00","10704484,00","9327525,00","6516334,00","3417434,00","7868031,00","647781,00","0,00","13292188,00","8420379,00","0,00","Brasil, MA"
2001-10-15 00:00:00,"1901657,00","83838232,00","881612,00","9823145,00","9806718,00","7374065,00","1926960,00","12579548,00","611596,00","0,00","29307127,00","7794479,00","0,00","Brasil, MA"
2001-11-15 00:00:00,"1146210,00","67806575,00","767678,00","8631177,00","9121224,00","8265947,00","2390112,00","9439929,00","775157,00","0,00","18167661,00","7609562,00","0,00","Brasil, MA"
2001-12-15 00:00:00,"1116640,00","73204675,00","1576626,00","9209008,00","9162398,00","7429586,00","3256871,00","14645307,00","829803,00","0,00","16653684,00","7531931,00","0,00","Brasil, MA"
2002-01-15 00:00:00,"1079888,00","82461837,00","3014417,00","10855029,00","12290296,00","9766178,00","509749,00","9053389,00","758463,00","52338,00","22961678,00","10152971,00","0,00","Brasil, MA"
2002-02-15 00:00:00,"1613691,00","73098013,00","2009751,00","10452584,00","9166261,00","8741336,00","514087,00","11276899,00","705159,00","22857,00","18430074,00","8486128,00","0,00","Brasil, MA"
2002-03-15 00:00:00,"2920129,00","67237574,00","1060712,00","9664557,00","8858731,00","8748829,00","474795,00","7683079,00","577800,00","63442,00","16205233,00","8903269,00","0,00","Brasil, MA"
2002-04-15 00:00:00,"3685111,00","77226063,00","973168,00","9586652,00","12493462,00","8934532,00","589429,00","8419063,00","595600,00","18893,00","20385127,00","9223061,00","0,00","Brasil, MA"
2002-05-15 00:00:00,"4624829,00","76221952,00","733395,00","9124969,00","9736651,00","9342271,00","431331,00","9242409,00","889756,00","32534,00","19469799,00","10126466,00","0,00","Brasil, MA"
2002-06-15 00:00:00,"4614606,00","74659126,00","1038050,00","9530077,00","10120208,00","9016257,00","303722,00","8954799,00","687844,00","17710,00","17233684,00","10842381,00","0,00","Brasil, MA"
2002-07-15 00:00:00,"5727885,00","74177927,00","3424399,00","9554784,00","11528398,00","8815029,00","370952,00","7391976,00","958092,00","23766,00","17028124,00","6641418,00","0,00","Brasil, MA"
2002-08-15 00:00:00,"4812453,00","97580721,00","1234171,00","10163618,00","12811353,00","9761953,00","549590,00","12677282,00","782754,00","22195,00","19584573,00","22607875,00","3713,00","Brasil, MA"
2002-09-15 00:00:00,"2609087,00","80050941,00","1566498,00","10674413,00","11009619,00","9874191,00","771517,00","16486243,00","778410,00","30720,00","15694157,00","8254091,00","119285,00","Brasil, MA"
2002-10-15 00:00:00,"1776498,00","113553353,00","21564955,00","10340221,00","11502362,00","23127802,00","1300055,00","11446526,00","801063,00","25659,00","22493974,00","6948209,00","49495,00","Brasil, MA"
2002-11-15 00:00:00,"1207831,00","90089327,00","1194609,00","11119843,00","11471265,00","10302396,00","1287367,00","13179716,00","1047799,00","21826,00","29060959,00","6648302,00","474371,00","Brasil, MA"
2002-12-15 00:00:00,"1171489,00","78777950,00","888713,00","10160059,00","11229269,00","9703046,00","1557291,00","12580806,00","1114138,00","33755,00","22673195,00","5523318,00","152210,00","Brasil, MA"
2003-01-15 00:00:00,"1501208,00","82583324,00","1157846,00","9898257,00","12265438,00","11466495,00","1350062,00","13278371,00","1013878,00","1499375,00","18490233,00","5631469,00","423107,00","Brasil, MA"
2003-02-15 00:00:00,"2455327,00","99183843,00","1254474,00","9728874,00","8446044,00","10675811,00","976578,00","11868826,00","944922,00","1338861,00","43737190,00","5504261,00","102383,00","Brasil, MA"
2003-03-15 00:00:00,"4807393,00","83788217,00","942250,00","10718480,00","9108691,00","9790950,00","1053026,00","14393189,00","689536,00","1343354,00","23337768,00","4988913,00","104157,00","Brasil, MA"
2003-04-15 00:00:00,"5502301,00","93316829,00","1029008,00","11165987,00","8097945,00","10267305,00","775527,00","11016991,00","466826,00","1172445,00","36242934,00","4905077,00","61933,00","Brasil, MA"
2003-05-15 00:00:00,"6212877,00","86808261,00","830825,00","11024450,00","9624081,00","10112984,00","1230620,00","11119885,00","764103,00","2850209,00","24958986,00","4977232,00","168824,00","Brasil, MA"
2003-06-15 00:00:00,"6418739,00","82588330,00","804399,00","4340624,00","10787659,00","11158035,00","898580,00","10481925,00","1077803,00","2593039,00","24830169,00","5521450,00","683257,00","Brasil, MA"
2003-07-15 00:00:00,"6649041,00","103948527,00","1054407,00","8878778,00","10054240,00","10824353,00","1399517,00","11595231,00","1098414,00","1454421,00","40852253,00","5984107,00","554960,00","Brasil, MA"
2003-08-15 00:00:00,"3564790,00","100934679,00","1267754,00","8208534,00","10285535,00","14032248,00","952841,00","10896644,00","990417,00","1368332,00","39094204,00","6577690,00","940569,00","Brasil, MA"
2003-09-15 00:00:00,"2625412,00","91323120,00","1224972,00","9654758,00","9652482,00","10658764,00","768508,00","11745090,00","1482520,00","2009153,00","31247875,00","7314665,00","191529,00","Brasil, MA"
2003-10-15 00:00:00,"1829618,00","93845246,00","840706,00","5516712,00","11555343,00","12217476,00","1066829,00","12514359,00","1061616,00","3916729,00","31665094,00","7296349,00","1293362,00","Brasil, MA"
2003-11-15 00:00:00,"1133496,00","74369443,00","842709,00","9218331,00","10295987,00","14038674,00","823823,00","13266335,00","770351,00","1881266,00","11138302,00","8713798,00","128945,00","Brasil, MA"
2003-12-15 00:00:00,"1329336,00","81307593,00","959790,00","12043387,00","11005347,00","12110498,00","952509,00","15388697,00","1213096,00","2026438,00","10657345,00","8163135,00","2626843,00","Brasil, MA"
2004-01-15 00:00:00,"1511650,00","94575213,00","1642677,00","14074129,00","14766701,00","13689149,00","647594,00","10350332,00","640505,00","2650793,00","29277546,00","3294394,00","130764,00","Brasil, MA"
2004-02-15 00:00:00,"2902422,00","100277211,00","1269342,00","13637723,00","9889457,00","12964663,00","743793,00","10170547,00","1270555,00","1654432,00","42479916,00","1479623,00","74000,00","Brasil, MA"
2004-03-15 00:00:00,"6628335,00","97725230,00","1244910,00","11817950,00","9874855,00","11898984,00","623720,00","10527429,00","1036450,00","1858409,00","21495363,00","17767487,00","98034,00","Brasil, MA"
2004-04-15 00:00:00,"6891796,00","95812380,00","1454139,00","13315285,00","10397981,00","16729918,00","732934,00","10575997,00","902041,00","1551046,00","23180440,00","7191068,00","70515,00","Brasil, MA"
2004-05-15 00:00:00,"7963433,00","105039705,00","1125464,00","13647715,00","10782607,00","15266908,00","713044,00","11556061,00","957086,00","1724479,00","30619177,00","7618549,00","141950,00","Brasil, MA"
2004-06-15 00:00:00,"8091791,00","107494913,00","1100698,00","13432949,00","11487521,00","14578865,00","1057035,00","12758761,00","1004050,00","1973076,00","31139292,00","7961922,00","47459,00","Brasil, MA"
2004-07-15 00:00:00,"8388520,00","116791126,00","1533176,00","14175530,00","11398558,00","14576848,00","853796,00","16275311,00","1892821,00","2225692,00","33665177,00","8519645,00","87431,00","Brasil, MA"
2004-08-15 00:00:00,"4313589,00","95960286,00","1733824,00","14499305,00","11445283,00","18303890,00","696413,00","16728423,00","1143920,00","2031895,00","14647538,00","7535275,00","264495,00","Brasil, MA"
2004-09-15 00:00:00,"2447003,00","95469948,00","1446012,00","14648083,00","11283757,00","17495269,00","853287,00","16862921,00","1228627,00","1941601,00","16465003,00","8639497,00","72830,00","Brasil, MA"
2004-10-15 00:00:00,"2123197,00","127120798,00","1355617,00","14528509,00","10832112,00","17138865,00","904148,00","19131517,00","1482131,00","2689836,00","45441196,00","9545726,00","80546,00","Brasil, MA"
2004-11-15 00:00:00,"2027494,00","120061713,00","1873424,00","14966775,00","11697097,00","18058756,00","790775,00","19962272,00","1255698,00","2284706,00","35226516,00","9767198,00","70454,00","Brasil, MA"
2004-12-15 00:00:00,"1858823,00","119906643,00","1728429,00","14344142,00","12579298,00","18218091,00","942871,00","20500666,00","1406921,00","2179016,00","33677682,00","10154939,00","33417,00","Brasil, MA"
2005-01-15 00:00:00,"2387551,00","122395004,00","2866340,00","15417689,00","16706315,00","19990819,00","1314865,00","20107788,00","1573485,00","2233365,00","25984188,00","10980895,00","485135,00","Brasil, MA"
2005-02-15 00:00:00,"9895536,00","132830892,00","2480065,00","12572430,00","10235436,00","15167008,00","609764,00","24612756,00","1302869,00","2424435,00","40368061,00","10125017,00","24583,00","Brasil, MA"
2005-03-15 00:00:00,"21896951,00","140122863,00","2320389,00","14831251,00","11641999,00","15569700,00","906776,00","17125365,00","1294482,00","2062830,00","37609204,00","9605879,00","248337,00","Brasil, MA"
2005-04-15 00:00:00,"11842199,00","139714100,00","1985115,00","14760424,00","12237504,00","21081465,00","1165318,00","19279375,00","1237046,00","1932379,00","40466903,00","9732292,00","70659,00","Brasil, MA"
2005-05-15 00:00:00,"6947526,00","124593229,00","2419689,00","14625739,00","16567853,00","14961644,00","868965,00","18818879,00","2744915,00","2561514,00","30850562,00","10015041,00","147568,00","Brasil, MA"
2005-06-15 00:00:00,"4415513,00","116723079,00","1961764,00","14495646,00","12742404,00","19219007,00","991263,00","19553028,00","1195132,00","1998331,00","26773384,00","10585271,00","156649,00","Brasil, MA"
2005-07-15 00:00:00,"3521834,00","131795128,00","2158114,00","15909558,00","13112188,00","17306120,00","894803,00","19304499,00","1172337,00","1770597,00","42884631,00","10694826,00","395347,00","Brasil, MA"
2005-08-15 00:00:00,"2837011,00","127649903,00","2193844,00","17401619,00","14311004,00","17688796,00","1118813,00","16725321,00","1390300,00","1904964,00","38683024,00","10532953,00","75835,00","Brasil, MA"
2005-09-15 00:00:00,"2120322,00","126817595,00","2292939,00","18551755,00","14258146,00","20668023,00","1253114,00","18746454,00","1163894,00","2887870,00","31689272,00","10785801,00","68542,00","Brasil, MA"
2005-10-15 00:00:00,"1675713,00","144517098,00","2383306,00","17219825,00","12890619,00","18870678,00","1669736,00","21266651,00","825876,00","2037902,00","52117511,00","11319727,00","34471,00","Brasil, MA"
2005-11-15 00:00:00,"1424734,00","130873843,00","2973519,00","16080107,00","15801924,00","17531498,00","1476671,00","19261480,00","1636045,00","1999359,00","37437918,00","12596083,00","317330,00","Brasil, MA"
2005-12-15 00:00:00,"1447747,00","131414982,00","3189391,00","17922325,00","16032402,00","19497714,00","1596344,00","20986122,00","823384,00","3682655,00","31588023,00","12140013,00","74590,00","Brasil, MA"
2006-01-15 00:00:00,"2653349,00","160047765,00","2288393,00","19741467,00","23030707,00","18240026,00","1016740,00","26596675,00","382680,00","2193731,00","47089752,00","13324566,00","115811,00","Brasil, MA"
2006-02-15 00:00:00,"11696052,00","177783259,00","1653177,00","18268084,00","14664241,00","16409426,00","2612276,00","31728622,00","351137,00","2021401,00","60039113,00","13104137,00","140180,00","Brasil, MA"
2006-03-15 00:00:00,"27045178,00","180698804,00","1429215,00","20245038,00","15357919,00","15246771,00","1343176,00","37118158,00","507294,00","2995556,00","39011223,00","13697901,00","293483,00","Brasil, MA"
2006-04-15 00:00:00,"13439995,00","158393648,00","1142185,00","19372472,00","13782066,00","16567694,00","1178411,00","31968078,00","464079,00","1892758,00","38928412,00","14321767,00","372366,00","Brasil, MA"
2006-05-15 00:00:00,"8209899,00","136691383,00","1402470,00","17730873,00","14819124,00","15665755,00","1394710,00","25588688,00","768576,00","2122810,00","31989162,00","12778828,00","77134,00","Brasil, MA"
2006-06-15 00:00:00,"5259994,00","145040543,00","1139825,00","18411951,00","16416372,00","16325418,00","1316117,00","30870185,00","669247,00","1984372,00","37075249,00","12257454,00","89157,00","Brasil, MA"
2006-07-15 00:00:00,"4333414,00","163814665,00","1629767,00","20149254,00","16324205,00","17406297,00","1402098,00","32420757,00","657976,00","2128498,00","50829601,00","12988865,00","131451,00","Brasil, MA"
2006-08-15 00:00:00,"3719439,00","164145568,00","1637088,00","18602424,00","17618273,00","18805404,00","1995123,00","29887628,00","792624,00","1987678,00","46476767,00","13216041,00","199808,00","Brasil, MA"
2006-09-15 00:00:00,"2509332,00","186390261,00","1550412,00","26165739,00","20101115,00","21224918,00","2170571,00","30702739,00","898314,00","2079754,00","60485860,00","11517591,00","3319891,00","Brasil, MA"
2006-10-15 00:00:00,"2175690,00","164006975,00","1471467,00","21104450,00","17157636,00","16648360,00","3291537,00","30696300,00","799040,00","2560939,00","50396973,00","12235175,00","177153,00","Brasil, MA"
2006-11-15 00:00:00,"1995725,00","164592219,00","1666566,00","20654667,00","18920582,00","19784523,00","1937393,00","32772617,00","692955,00","2331218,00","47940922,00","11617389,00","582297,00","Brasil, MA"
2006-12-15 00:00:00,"1782829,00","166842920,00","2011462,00","20675767,00","18769655,00","22038598,00","2344207,00","31273678,00","613200,00","2630669,00","47175221,00","14216334,00","96144,00","Brasil, MA"
2007-01-15 00:00:00,"3940113,00","186631612,00","1986939,00","22056452,00","28051567,00","19912107,00","2875952,00","40634698,00","472224,00","2827344,00","42134473,00","17963520,00","98444,00","Brasil, MA"
2007-02-15 00:00:00,"15806091,00","171024806,00","1724729,00","22133659,00","17953718,00","17495341,00","2468408,00","31175947,00","477162,00","2253498,00","39518334,00","15783037,00","86132,00","Brasil, MA"
2007-03-15 00:00:00,"31814149,00","199134735,00","1674892,00","18354175,00","16714379,00","19193724,00","1821685,00","41158872,00","623135,00","2271378,00","43997263,00","14118603,00","52436,00","Brasil, MA"
2007-04-15 00:00:00,"17386112,00","179271003,00","1638389,00","21710031,00","17677103,00","19402238,00","2017375,00","36305317,00","570002,00","2448006,00","39130215,00","15210221,00","50878,00","Brasil, MA"
2007-05-15 00:00:00,"10022881,00","171022976,00","1855141,00","20301710,00","18252115,00","19488000,00","1935639,00","27578372,00","588318,00","2285365,00","49603744,00","14739728,00","43743,00","Brasil, MA"
2007-06-15 00:00:00,"6213992,00","173709381,00","1700817,00","22970563,00","19691144,00","21941408,00","2712349,00","28905112,00","573843,00","2277917,00","47685859,00","15504060,00","77615,00","Brasil, MA"
2007-07-15 00:00:00,"5706871,00","171786873,00","1564377,00","21285589,00","20733945,00","22055144,00","3022445,00","29583054,00","781731,00","2179968,00","46294674,00","14931271,00","51271,00","Brasil, MA"
2007-08-15 00:00:00,"4193075,00","174138157,00","2016743,00","22043341,00","19014808,00","20979274,00","3969760,00","29236304,00","759899,00","2782069,00","50675545,00","15934059,00","23006,00","Brasil, MA"
2007-09-15 00:00:00,"3063285,00","180181025,00","2092456,00","23434862,00","17358466,00","24248477,00","2938884,00","31738550,00","738071,00","5051763,00","48626899,00","17789952,00","16428,00","Brasil, MA"
2007-10-15 00:00:00,"2901802,00","182894406,00","1985760,00","24414878,00","19493880,00","23477685,00","1799048,00","31403010,00","765015,00","5191260,00","54387136,00","13116712,00","10975,00","Brasil, MA"
2007-11-15 00:00:00,"2255593,00","192515291,00","2209512,00","23093857,00","21361133,00","24302983,00","1973782,00","33472642,00","777567,00","5668533,00","56226673,00","16351775,00","12714,00","Brasil, MA"
2007-12-15 00:00:00,"2222027,00","179546814,00","1885829,00","22326391,00","21177159,00","27054917,00","2059203,00","31709946,00","832362,00","5690128,00","39373985,00","18589357,00","23470,00","Brasil, MA"
2008-01-15 00:00:00,"5241379,00","218503090,00","2613861,00","26093400,00","31421003,00","24724394,00","1936250,00","34908702,00","702380,00","6522940,00","55967167,00","21565907,00","926546,00","Brasil, MA"
2008-02-15 00:00:00,"18840178,00","212274332,00","2323269,00","27380725,00","20045578,00","25533538,00","1682413,00","30106418,00","479981,00","5421567,00","58329723,00","16663828,00","8487,00","Brasil, MA"
2008-03-15 00:00:00,"35229134,00","212051970,00","1800867,00","23419957,00","19599819,00","21573429,00","1671835,00","31734918,00","606329,00","3253345,00","49843562,00","15158687,00","23530,00","Brasil, MA"
2008-04-15 00:00:00,"21932776,00","193695876,00","2041263,00","24884445,00","21349371,00","24235969,00","1657405,00","28042063,00","550906,00","3106210,00","41911945,00","15060711,00","67355,00","Brasil, MA"
2008-05-15 00:00:00,"11014212,00","197739087,00","2574592,00","25851335,00","21167495,00","24754982,00","1994340,00","35845327,00","692934,00","3661308,00","52712134,00","11609676,00","17919,00","Brasil, MA"
2008-06-15 00:00:00,"9279913,00","196019452,00","2123745,00","25483537,00","22787252,00","25697442,00","1990019,00","35706707,00","634542,00","4961712,00","48205400,00","13237438,00","54534,00","Brasil, MA"
2008-07-15 00:00:00,"8438002,00","205278917,00","2358787,00","27878688,00","24555108,00","28262989,00","2154006,00","41850952,00","892313,00","5738178,00","42281226,00","13134515,00","26873,00","Brasil, MA"
2008-08-15 00:00:00,"5893087,00","217348462,00","2332063,00","26469848,00","23501354,00","30774635,00","2057606,00","41238944,00","1048992,00","5217740,00","59803321,00","13372509,00","21644,00","Brasil, MA"
2008-09-15 00:00:00,"4815606,00","228435041,00","2576923,00","24044283,00","23934182,00","30066273,00","1959983,00","42894455,00","939837,00","5760695,00","70410020,00","15178424,00","32697,00","Brasil, MA"
2008-10-15 00:00:00,"3252382,00","226638819,00","2732280,00","27188516,00","24664603,00","33119900,00","2049249,00","42628229,00","1144176,00","5728707,00","58625123,00","18514478,00","12991,00","Brasil, MA"
2008-11-15 00:00:00,"2768527,00","237517771,00","2478837,00","26796921,00","24093979,00","28759361,00","2115443,00","45566733,00","1136843,00","4725748,00","73405396,00","18248072,00","45799,00","Brasil, MA"
2008-12-15 00:00:00,"2606707,00","215512937,00","3260554,00","24016296,00","27042826,00","32127063,00","2984668,00","39410820,00","681425,00","4745780,00","48404235,00","22207142,00","176562,00","Brasil, MA"
2009-01-15 00:00:00,"5441722,00","227758548,00","2171182,00","27522116,00","29467596,00","25376300,00","2086035,00","46029975,00","1287477,00","4911157,00","58002161,00","19814464,00","22987,00","Brasil, MA"
2009-02-15 00:00:00,"20323254,00","222340745,00","1884731,00","24594843,00","19170309,00","26048998,00","2114583,00","36082214,00","668812,00","4238657,00","64217232,00","16407705,00","24152,00","Brasil, MA"
2009-03-15 00:00:00,"41903599,00","238546498,00","2052676,00","23817300,00","22746403,00","29206248,00","2158184,00","36742818,00","620044,00","4859962,00","51063136,00","13234405,00","28411,00","Brasil, MA"
2009-04-15 00:00:00,"21653732,00","216367207,00","1660007,00","25191382,00","20912278,00","32283709,00","1900519,00","32039696,00","686843,00","5071338,00","53594694,00","13516936,00","20293,00","Brasil, MA"
2009-05-15 00:00:00,"15266620,00","211753803,00","1783564,00","28077745,00","22380751,00","29854436,00","1968416,00","31451724,00","610809,00","4351410,00","53996087,00","14181639,00","1052948,00","Brasil, MA"
2009-06-15 00:00:00,"14641566,00","208259830,00","1698205,00","26038451,00","23196132,00","30673030,00","1971971,00","34120555,00","678715,00","4846242,00","46485342,00","16774367,00","264813,00","Brasil, MA"
2009-07-15 00:00:00,"9935139,00","236174904,00","2284714,00","26811846,00","25480543,00","30633146,00","2008371,00","40017718,00","885716,00","5416304,00","67146053,00","18181255,00","104989,00","Brasil, MA"
2009-08-15 00:00:00,"6104321,00","239388014,00","2465455,00","28115825,00","26671723,00","33634709,00","2569573,00","44293597,00","1560074,00","5216933,00","62802707,00","18379177,00","51295,00","Brasil, MA"
2009-09-15 00:00:00,"5511072,00","243560266,00","2076111,00","27340622,00","24987721,00","31503229,00","2763266,00","45011561,00","1363557,00","5441202,00","64260060,00","24125368,00","2610686,00","Brasil, MA"
2009-10-15 00:00:00,"4559844,00","232718314,00","2281191,00","27089794,00","23927919,00","30934691,00","2397112,00","42406189,00","1036327,00","7562070,00","58475338,00","24513724,00","29889,00","Brasil, MA"
2009-11-15 00:00:00,"3781375,00","239861629,00","2448697,00","27039298,00","26787945,00","32698810,00","2182499,00","42972554,00","996985,00","6588363,00","61608113,00","25324389,00","22041,00","Brasil, MA"
2009-12-15 00:00:00,"3839904,00","237444595,00","2465524,00","26820395,00","27817133,00","33058196,00","2246496,00","41919102,00","969962,00","6443153,00","60882120,00","24310347,00","37450,00","Brasil, MA"
2010-01-15 00:00:00,"7182153,00","262850185,00","5385551,00","29045086,00","38214958,00","33269130,00","2188363,00","41009163,00","916037,00","5983345,00","68081089,00","18806854,00","34587,00","Brasil, MA"
2010-02-15 00:00:00,"23556749,00","243275012,00","9401856,00","27178198,00","26955841,00","31001860,00","1980797,00","35041464,00","573084,00","6012011,00","57791192,00","16803831,00","35018,00","Brasil, MA"
2010-03-15 00:00:00,"46325269,00","274366735,00","9038163,00","25581069,00","26437273,00","29699826,00","2304332,00","34416095,00","733995,00","6666655,00","64669919,00","16376800,00","28588,00","Brasil, MA"
2010-04-15 00:00:00,"28009499,00","258434769,00","4162366,00","28204129,00","27335474,00","34599681,00","2338293,00","36849049,00","504777,00","5485819,00","56446859,00","24641801,00","72293,00","Brasil, MA"
2010-05-15 00:00:00,"20196187,00","267716728,00","3957253,00","28715520,00","27391228,00","33962024,00","2454410,00","37199127,00","640285,00","6185920,00","72537828,00","25194215,00","211354,00","Brasil, MA"
2010-06-15 00:00:00,"11860274,00","261141168,00","3789547,00","28968428,00","29373904,00","34276412,00","3171011,00","41863326,00","479135,00","6464046,00","62035917,00","25508436,00","2722738,00","Brasil, MA"
2010-07-15 00:00:00,"10102560,00","262711528,00","5619172,00","29106351,00","31927769,00","34710531,00","2241095,00","44224068,00","596404,00","6377419,00","59846205,00","29519345,00","407579,00","Brasil, MA"
2010-08-15 00:00:00,"7688871,00","267015236,00","4529639,00","30053759,00","32332604,00","35583515,00","2335652,00","45383273,00","905738,00","7699668,00","64901314,00","25883259,00","336135,00","Brasil, MA"
2010-09-15 00:00:00,"5853324,00","289003447,00","8893813,00","30861687,00","33300590,00","37528775,00","2894345,00","44902240,00","1071340,00","7655905,00","79766438,00","28035616,00","812582,00","Brasil, MA"
2010-10-15 00:00:00,"4486633,00","282894182,00","7644566,00","29450375,00","32096473,00","38746027,00","3495574,00","41724600,00","961147,00","6858199,00","81871550,00","28663780,00","11836,00","Brasil, MA"
2010-11-15 00:00:00,"4136329,00","266676478,00","5454986,00","31333491,00","32054243,00","42904579,00","2639229,00","44094605,00","984617,00","9017302,00","60431226,00","25696412,00","28825,00","Brasil, MA"
2010-12-15 00:00:00,"4343031,00","294860463,00","5322024,00","31572531,00","32878473,00","39746588,00","2996794,00","47690452,00","654869,00","12185759,00","84275134,00","24945239,00","45626,00","Brasil, MA"
2011-01-15 00:00:00,"7778398,00","294839211,00","5703030,00","32034558,00","46115509,00","44258309,00","3011510,00","48095862,00","616650,00","7722730,00","70558213,00","20974734,00","55965,00","Brasil, MA"
2011-02-15 00:00:00,"28341474,00","288560133,00","6979066,00","32708464,00","31456259,00","37753450,00","2019272,00","42205652,00","436157,00","9602900,00","67336127,00","19972740,00","29498,00","Brasil, MA"
2011-03-15 00:00:00,"50431551,00","318505513,00","8104788,00","31781709,00","32657611,00","37457838,00","2288678,00","42611021,00","558882,00","9074316,00","72053039,00","18463801,00","32592,00","Brasil, MA"
2011-04-15 00:00:00,"34224494,00","314015402,00","13430989,00","32001222,00","32492378,00","43823690,00","2669400,00","43689506,00","447544,00","9288886,00","72502995,00","17956620,00","27456,00","Brasil, MA"
2011-05-15 00:00:00,"25977269,00","292437857,00","6322977,00","31670859,00","42718631,00","37519248,00","2867992,00","36158354,00","758142,00","9199735,00","65449308,00","21687695,00","25417,00","Brasil, MA"
2011-06-15 00:00:00,"18270722,00","300143227,00","5804819,00","33336567,00","37069326,00","39246551,00","2391129,00","41060235,00","1108656,00","8622563,00","82038733,00","21604128,00","63762,00","Brasil, MA"
2011-07-15 00:00:00,"12183663,00","297777411,00","10118580,00","32770026,00","38354684,00","44715728,00","2671722,00","44018133,00","1250312,00","9839569,00","69552213,00","21660225,00","2236430,00","Brasil, MA"
2011-08-15 00:00:00,"10213529,00","316149887,00","10092894,00","33640481,00","42815783,00","44628468,00","3402185,00","47152724,00","1061309,00","10877759,00","80945895,00","22013203,00","218757,00","Brasil, MA"
2011-09-15 00:00:00,"7002813,00","330076907,00","6205004,00","33429811,00","38609938,00","53686521,00","3602298,00","48979688,00","839855,00","11191096,00","95297042,00","23618439,00","140497,00","Brasil, MA"
2011-10-15 00:00:00,"5021161,00","318166067,00","8356066,00","34100975,00","36884523,00","43260615,00","2763673,00","50644648,00","876197,00","9985589,00","89998695,00","28991477,00","33219,00","Brasil, MA"
2011-11-15 00:00:00,"4889607,00","324960370,00","8291503,00","34251639,00","39449600,00","44422064,00","3407293,00","44230536,00","800063,00","10944354,00","96781556,00","29014029,00","528322,00","Brasil, MA"
2011-12-15 00:00:00,"4536858,00","342812373,00","7140154,00","35076897,00","42417798,00","47798658,00","2971748,00","55275112,00","896911,00","10648267,00","94554876,00","28075612,00","71720,00","Brasil, MA"
2012-01-15 00:00:00,"10753933,00","353951543,00","5963401,00","37202239,00","60046768,00","46332267,00","3430626,00","48678187,00","796335,00","10676857,00","87354048,00","30391742,00","397729,00","Brasil, MA"
2012-02-15 00:00:00,"33520511,00","333231119,00","8443470,00","35515527,00","33169122,00","45993120,00","2600641,00","39612601,00","591420,00","10511734,00","86121566,00","27485390,00","39274,00","Brasil, MA"
2012-03-15 00:00:00,"60287029,00","382952907,00","6643540,00","33968937,00","41932779,00","41555755,00","2995068,00","50536014,00","916517,00","14280358,00","89371934,00","27090611,00","32710,00","Brasil, MA"
2012-04-15 00:00:00,"39717306,00","342111447,00","5322614,00","35165914,00","40223744,00","47174606,00","2841059,00","41656196,00","784600,00","15474160,00","73359047,00","27629508,00","63112,00","Brasil, MA"
2012-05-15 00:00:00,"28266233,00","333084455,00","9978081,00","27603211,00","41368945,00","45458200,00","3338829,00","45020478,00","640536,00","19554056,00","72928673,00","27480785,00","56139,00","Brasil, MA"
2012-06-15 00:00:00,"18239563,00","337207681,00","5916248,00","34738467,00","40435387,00","49221783,00","3867146,00","46606517,00","710538,00","13633496,00","84859503,00","29789896,00","26651,00","Brasil, MA"
2012-07-15 00:00:00,"15774638,00","354733114,00","7561149,00","34272913,00","41210083,00","46491316,00","3621829,00","46133932,00","886349,00","15018986,00","100254608,00","29342780,00","39984,00","Brasil, MA"
2012-08-15 00:00:00,"11611766,00","338593533,00","6650404,00","35680330,00","45099538,00","48984435,00","4154594,00","51340304,00","979639,00","15764084,00","82925839,00","25481869,00","24718,00","Brasil, MA"
2012-09-15 00:00:00,"7153816,00","358355952,00","5704289,00","36322974,00","41453295,00","50713015,00","3946700,00","59100089,00","722558,00","15577226,00","97521368,00","29807982,00","21627,00","Brasil, MA"
2012-10-15 00:00:00,"7391170,00","352825312,00","6906153,00","35792354,00","46075897,00","52252499,00","4437740,00","58061723,00","864905,00","17644575,00","77821644,00","31178695,00","3908837,00","Brasil, MA"
2012-11-15 00:00:00,"6006544,00","384484996,00","8093670,00","37895316,00","44528516,00","55458572,00","5108083,00","57142021,00","815862,00","17090706,00","109350944,00","33017673,00","756438,00","Brasil, MA"
2012-12-15 00:00:00,"6289645,00","364118343,00","6590947,00","34226480,00","44332158,00","55280829,00","4818049,00","61253809,00","864858,00","17031210,00","92399365,00","30468850,00","1041310,00","Brasil, MA"
2013-01-15 00:00:00,"14765777,00","410493169,00","8477736,00","38006861,00","68668976,00","53730231,00","5160368,00","66604895,00","816983,00","18816205,00","93755253,00","29784842,00","72851,00","Brasil, MA"
2013-02-15 00:00:00,"38699100,00","408803970,00","5250177,00","36441134,00","44182672,00","51104558,00","4091516,00","53778155,00","758067,00","14574522,00","119636394,00","29497814,00","42821,00","Brasil, MA"
2013-03-15 00:00:00,"66614800,00","401038965,00","4320074,00","35275698,00","40364368,00","47302059,00","3926641,00","50220221,00","615776,00","17654758,00","96258493,00","24374661,00","80981,00","Brasil, MA"
2013-04-15 00:00:00,"51142080,00","400591738,00","6080245,00","35747834,00","47393780,00","54211770,00","5010039,00","56073184,00","533921,00","19676864,00","84783054,00","23342510,00","55867,00","Brasil, MA"
2013-05-15 00:00:00,"33870360,00","392016777,00","4617815,00","36561240,00","44045474,00","55893677,00","4908996,00","56260912,00","745440,00","18961725,00","100088420,00","22149152,00","239471,00","Brasil, MA"
2013-06-15 00:00:00,"19965144,00","363564433,00","4949192,00","37094494,00","46601849,00","51430216,00","3916371,00","62470166,00","496283,00","17222197,00","83853374,00","23278480,00","1366818,00","Brasil, MA"
2013-07-15 00:00:00,"16478927,00","398434246,00","6174392,00","37127864,00","48996711,00","56047492,00","5038151,00","62069356,00","861727,00","18512563,00","96468090,00","25474738,00","9647091,00","Brasil, MA"
2013-08-15 00:00:00,"11351446,00","406055188,00","6677943,00","38640636,00","47564473,00","56555794,00","5375210,00","66580986,00","760521,00","19278260,00","114700706,00","26975895,00","525282,00","Brasil, MA"
2013-09-15 00:00:00,"8800958,00","423100144,00","6562486,00","38987846,00","48441796,00","58571691,00","7096869,00","65807134,00","854525,00","20284451,00","128112171,00","25630247,00","3549659,00","Brasil, MA"
2013-10-15 00:00:00,"7633384,00","385164634,00","5999909,00","39163357,00","46223134,00","54918314,00","5724496,00","59348233,00","1077150,00","23141302,00","103428214,00","25517194,00","431593,00","Brasil, MA"
2013-11-15 00:00:00,"6303664,00","419701976,00","6773709,00","39281134,00","46188819,00","63197367,00","6336206,00","59985944,00","1257373,00","21867068,00","126374847,00","29949670,00","465958,00","Brasil, MA"
2013-12-15 00:00:00,"7322648,00","419505952,00","12988275,00","39191611,00","49634503,00","60927799,00","4694258,00","66006521,00","1246125,00","21560586,00","108530530,00","29048479,00","2170822,00","Brasil, MA"
2014-01-15 00:00:00,"36080528,00","459208093,00","6145083,00","39492994,00","63839353,00","57773868,00","5490411,00","60687473,00","1372349,00","17566068,00","128203584,00","27319023,00","1077984,00","Brasil, MA"
2014-02-15 00:00:00,"36338235,00","417834583,00","4588752,00","37981875,00","41559318,00","51699312,00","5905476,00","50725107,00","1308159,00","16351514,00","129787464,00","28078728,00","341234,00","Brasil, MA"
2014-03-15 00:00:00,"67309111,00","454255867,00","4782023,00","40925888,00","40558006,00","51153625,00","4685342,00","50249691,00","1142904,00","16597360,00","134456589,00","25395883,00","539250,00","Brasil, MA"
2014-04-15 00:00:00,"48268482,00","397873046,00","4951240,00","37252926,00","41915173,00","53145562,00","5216593,00","47935426,00","1103084,00","15809374,00","100131212,00","24917992,00","411627,00","Brasil, MA"
2014-05-15 00:00:00,"36208970,00","429376893,00","5913382,00","36139783,00","48272401,00","53059221,00","4998989,00","45662235,00","1043744,00","16198398,00","142293993,00","24909444,00","1324709,00","Brasil, MA"
2014-06-15 00:00:00,"22111417,00","403059640,00","5907109,00","39424136,00","48939994,00","54358989,00","4925841,00","47445861,00","986618,00","15305536,00","124874399,00","25873190,00","913324,00","Brasil, MA"
2014-07-15 00:00:00,"21415264,00","425269746,00","7092525,00","36569844,00","45187121,00","54370055,00","5171804,00","49572232,00","1226806,00","17006870,00","127584752,00","26465674,00","1571937,00","Brasil, MA"
2014-08-15 00:00:00,"16214552,00","434840835,00","6201537,00","36183990,00","49216650,00","58613807,00","6350384,00","51116543,00","1681085,00","16182605,00","148931144,00","27943409,00","1885055,00","Brasil, MA"
2014-09-15 00:00:00,"12599932,00","427041900,00","7177787,00","36894524,00","50760227,00","60820194,00","5160085,00","57598091,00","1663067,00","17858997,00","130576152,00","26978134,00","3414248,00","Brasil, MA"
2014-10-15 00:00:00,"9888773,00","472624147,00","7242264,00","36895502,00","49558076,00","63139838,00","5437267,00","61120398,00","1910935,00","18721629,00","170890498,00","33733286,00","1970591,00","Brasil, MA"
2014-11-15 00:00:00,"7983555,00","440041898,00","8418998,00","37433047,00","53657647,00","61903491,00","5381193,00","56819026,00","1208286,00","17466928,00","140058199,00","37845427,00","1290486,00","Brasil, MA"
2014-12-15 00:00:00,"9459285,00","460792735,00","11439375,00","35180163,00","56429168,00","59261255,00","6242466,00","56009451,00","1657646,00","17393321,00","149491094,00","43503302,00","2545208,00","Brasil, MA"
2015-01-15 00:00:00,"50434917,00","467558644,00","9271269,00","39622925,00","71410687,00","61820943,00","6771622,00","62912188,00","1426988,00","15545701,00","87566298,00","36418312,00","1429842,00","Brasil, MA"
2015-02-15 00:00:00,"58505803,00","491525533,00","9124248,00","38878159,00","46684958,00","53093135,00","3874991,00","50801196,00","1635248,00","13824579,00","164953101,00","34226762,00","1777840,00","Brasil, MA"
2015-03-15 00:00:00,"65500076,00","466571228,00","8094178,00","34619621,00","46229174,00","53779588,00","3605164,00","44424788,00","1575335,00","19412914,00","127877257,00","38994803,00","3386459,00","Brasil, MA"
2015-04-15 00:00:00,"48411965,00","452054007,00","7745469,00","42279606,00","50094442,00","64764003,00","3989438,00","48490605,00","1461398,00","16071413,00","108325082,00","40212068,00","1855647,00","Brasil, MA"
2015-05-15 00:00:00,"40753304,00","442847779,00","8234119,00","39522622,00","54990051,00","55386372,00","3891187,00","49614446,00","1176912,00","15985497,00","117014989,00","38563136,00","2857103,00","Brasil, MA"
2015-06-15 00:00:00,"27371280,00","484498815,00","8744092,00","36240566,00","55962659,00","64008213,00","3444727,00","55249531,00","1170005,00","14415448,00","161407664,00","38969979,00","2501136,00","Brasil, MA"
2015-07-15 00:00:00,"21941951,00","437741881,00","10387717,00","37225155,00","58531341,00","61855950,00","4210315,00","54078868,00","1546766,00","14742160,00","104142933,00","41716837,00","1907262,00","Brasil, MA"
2015-08-15 00:00:00,"15495007,00","471097219,00","13649265,00","37214752,00","60025301,00","62613976,00","4725334,00","61137043,00","1344902,00","15520488,00","134984313,00","42822747,00","5182262,00","Brasil, MA"
2015-09-15 00:00:00,"13664449,00","479448244,00","12599330,00","37987617,00","57236081,00","67354585,00","4605982,00","61003431,00","1593029,00","13791637,00","143175451,00","48774856,00","1350670,00","Brasil, MA"
2015-10-15 00:00:00,"10130769,00","492456176,00","13614228,00","37241168,00","53285476,00","65138342,00","5042790,00","59700963,00","1165221,00","16205641,00","160734752,00","54919431,00","1856650,00","Brasil, MA"
2015-11-15 00:00:00,"11290697,00","477628384,00","13812094,00","37363420,00","56890569,00","69340467,00","4383969,00","66217814,00","1391555,00","14773351,00","131517322,00","49677008,00","1117436,00","Brasil, MA"
2015-12-15 00:00:00,"12538686,00","447469991,00","14723311,00","33841425,00","59184628,00","65263928,00","4699165,00","65631138,00","1123896,00","14780538,00","106923345,00","47047712,00","1598380,00","Brasil, MA"
2016-01-15 00:00:00,"32099957,00","602723734,00","13879473,00","38283336,00","75966928,00","74301108,00","4040376,00","72896086,00","1404508,00","20341081,00","186610644,00","49289304,00","2001696,00","Brasil, MA"
2016-02-15 00:00:00,"92302269,00","574956738,00","13526582,00","35670812,00","59044356,00","56282822,00","3784398,00","61599303,00","1988631,00","23378829,00","151965046,00","50297891,00","1340914,00","Brasil, MA"
2016-03-15 00:00:00,"53595376,00","510788672,00","22479833,00","34986446,00","57526125,00","67191902,00","5260089,00","49444878,00","3499698,00","22975445,00","111611912,00","53926585,00","1269421,00","Brasil, MA"
2016-04-15 00:00:00,"46623762,00","545019407,00","13052834,00","37932664,00","56335122,00","74461280,00","4589015,00","56613525,00","2535725,00","38338310,00","138774998,00","46273612,00","1953141,00","Brasil, MA"
2016-05-15 00:00:00,"39434075,00","531882096,00","32053857,00","37586293,00","61121386,00","83442094,00","4704163,00","53265680,00","3019854,00","31701523,00","112627358,00","43715631,00","3108090,00","Brasil, MA"
2016-06-15 00:00:00,"28744692,00","553342290,00","12100384,00","37801155,00","62232930,00","79556637,00","5842584,00","57789003,00","2788903,00","68316128,00","131710366,00","44057695,00","1209298,00","Brasil, MA"
2016-07-15 00:00:00,"23331878,00","575737279,00","11329231,00","36724101,00","63313309,00","76818742,00","5271398,00","63051844,00","3205256,00","68552323,00","148344888,00","44174376,00","1239435,00","Brasil, MA"
2016-08-15 00:00:00,"20949670,00","496411464,00","14683131,00","37669485,00","69544403,00","85072780,00","5447410,00","66673732,00","4749007,00","68079308,00","53618485,00","45117314,00","1914442,00","Brasil, MA"
2016-09-15 00:00:00,"13168992,00","556091579,00","10144741,00","38166251,00","64773131,00","80495764,00","5720729,00","68504204,00","4096547,00","141229327,00","72772291,00","38508660,00","2110952,00","Brasil, MA"
2016-10-15 00:00:00,"12116537,00","544427828,00","13624138,00","36483251,00","64986853,00","78464825,00","5416426,00","68871243,00","3845101,00","169393627,00","21199296,00","50747679,00","1718787,00","Brasil, MA"
2016-11-15 00:00:00,"10926953,00","562239953,00","12247850,00","35906445,00","69658731,00","74797458,00","4921214,00","67692241,00","3024106,00","191483760,00","22313905,00","47675624,00","1628770,00","Brasil, MA"
2016-12-15 00:00:00,"11894108,00","622658533,00","18273547,00","35566214,00","72914164,00","84859730,00","5552783,00","72480356,00","3951902,00","221700260,00","23259972,00","52370254,00","1554434,00","Brasil, MA"
2017-01-15 00:00:00,"40105627,00","577481625,00","15885109,00","38276561,00","94146049,00","84099599,00","5447745,00","79725933,00","3694251,00","101824754,00","24651733,00","53684762,00","1680557,00","Brasil, MA"
2017-02-15 00:00:00,"88104197,00","569051518,00","16117457,00","34024201,00","67058126,00","75527364,00","4194435,00","63758110,00","2878404,00","119683652,00","24351187,00","45030865,00","1380650,00","Brasil, MA"
2017-03-15 00:00:00,"60723876,00","566253155,00","15659690,00","35822423,00","66264769,00","78205167,00","6196604,00","58222913,00","5785802,00","125245215,00","43483150,00","38835387,00","1934064,00","Brasil, MA"
2017-04-15 00:00:00,"44234557,00","535360706,00","19260238,00","31913683,00","68930367,00","88776272,00","4757274,00","57482922,00","2936860,00","119742808,00","30144014,00","43585900,00","1376729,00","Brasil, MA"
2017-05-15 00:00:00,"48610588,00","577851098,00","18295429,00","32386345,00","72238126,00","83426474,00","5592145,00","60461678,00","4966697,00","19147778,00","149940277,00","52013456,00","1770699,00","Brasil, MA"
2017-06-15 00:00:00,"30619550,00","613629175,00","15572143,00","33478897,00","75708448,00","82428777,00","5425526,00","72390980,00","4847676,00","17670428,00","197074001,00","51604119,00","1359902,00","Brasil, MA"
2017-07-15 00:00:00,"25323018,00","585577629,00","15128140,00","32966284,00","74862448,00","81262764,00","5839377,00","75559891,00","3753508,00","16645024,00","163340005,00","58862587,00","1493686,00","Brasil, MA"
2017-08-15 00:00:00,"23200936,00","575186381,00","11005311,00","32892323,00","77667139,00","83463319,00","6370854,00","82166693,00","3450443,00","19950752,00","153511027,00","56258077,00","2464283,00","Brasil, MA"
2017-09-15 00:00:00,"14876725,00","611671864,00","17067762,00","33296698,00","78306785,00","85766948,00","6721977,00","84801019,00","3514355,00","17190293,00","183382025,00","60924006,00","1778810,00","Brasil, MA"
2017-10-15 00:00:00,"11543775,00","598310058,00","18364310,00","32372827,00","78998847,00","88767144,00","7234221,00","78378279,00","4195945,00","20455188,00","162935435,00","69246955,00","3203611,00","Brasil, MA"
2017-11-15 00:00:00,"9199520,00","633112389,00","19298273,00","31895543,00","84457059,00","83660098,00","6927543,00","81630246,00","2999406,00","22044962,00","182115584,00","75386773,00","3915062,00","Brasil, MA"
2017-12-15 00:00:00,"12296714,00","575636444,00","18600533,00","31202068,00","84769477,00","82759702,00","5731415,00","91090555,00","2717864,00","17396209,00","127316310,00","77207667,00","2136721,00","Brasil, MA"
2018-01-15 00:00:00,"34014863,00","633799230,00","17890894,00","32376102,00","104477452,00","79573554,00","6485599,00","91478227,00","2664076,00","19224552,00","128138644,00","71240373,00","2248350,00","Brasil, MA"
2018-02-15 00:00:00,"102347262,00","627956138,00","15242873,00","37106852,00","72506814,00","74038325,00","4438748,00","71477144,00","2587332,00","15199807,00","137074101,00","64121842,00","1894384,00","Brasil, MA"
2018-03-15 00:00:00,"58160176,00","579164067,00","14917094,00","28378705,00","69102406,00","72121187,00","4269495,00","64876546,00","2968852,00","19075581,00","157410041,00","53600524,00","1741746,00","Brasil, MA"
2018-04-15 00:00:00,"59012412,00","590467472,00","16888349,00","28219444,00","75315302,00","80503858,00","5328511,00","72397032,00","3077698,00","16747300,00","146789427,00","55798192,00","2242525,00","Brasil, MA"
2018-05-15 00:00:00,"42608607,00","573391072,00","17945929,00","29525352,00","71396011,00","78785542,00","5328030,00","65318513,00","2625483,00","16865838,00","149754467,00","63263611,00","1751302,00","Brasil, MA"
2018-06-15 00:00:00,"24306844,00","662975770,00","14614328,00","29116775,00","80380451,00","75098461,00","4820608,00","65081997,00","2979761,00","18291148,00","179538112,00","145001634,00","2419435,00","Brasil, MA"
2018-07-15 00:00:00,"21790908,00","655768785,00","16139096,00","28759167,00","77752949,00","94401947,00","4916939,00","86424229,00","2724120,00","18704962,00","195813588,00","74899839,00","2168296,00","Brasil, MA"
2018-08-15 00:00:00,"17415946,00","693497149,00","16014085,00","31489990,00","81578856,00","91758501,00","4995113,00","83593081,00","2967267,00","20633096,00","242678745,00","74406058,00","2341337,00","Brasil, MA"
2018-09-15 00:00:00,"13185359,00","704333437,00","16605965,00","29833125,00","80311389,00","97231740,00","5568285,00","90966733,00","3229430,00","20991581,00","246204885,00","80429178,00","2039392,00","Brasil, MA"
2018-10-15 00:00:00,"13312321,00","623275603,00","19132622,00","30586430,00","79781156,00","96583466,00","5757428,00","91515147,00","3548460,00","20834547,00","154964784,00","84102378,00","2484609,00","Brasil, MA"
2018-11-15 00:00:00,"10939147,00","723827465,00","22458324,00","28109604,00","86507168,00","100494957,00","7553214,00","92093180,00","3062787,00","22363361,00","237686415,00","90552527,00","2928974,00","Brasil, MA"
2018-12-15 00:00:00,"19597870,00","691894694,00","18952573,00","29675942,00","90255098,00","97435776,00","6050397,00","98845518,00","2880185,00","18492187,00","197231656,00","83271825,00","4423511,00","Brasil, MA"
2019-01-15 00:00:00,"41313455,00","724452233,00","14349420,00","31108553,00","110678402,00","88947578,00","6272563,00","96768235,00","2819425,00","19471242,00","198816601,00","74397319,00","3552012,00","Brasil, MA"
2019-02-15 00:00:00,"114017557,00","724155317,00","14917244,00","35895700,00","82931222,00","85606322,00","5517163,00","85440395,00","2660019,00","18401647,00","169291922,00","71311356,00","4158166,00","Brasil, MA"
2019-03-15 00:00:00,"61173676,00","647212101,00","19998158,00","27396451,00","70496662,00","78638751,00","4946122,00","76911944,00","2823061,00","17560705,00","185781601,00","68014094,00","3677158,00","Brasil, MA"
2019-04-15 00:00:00,"58401298,00","665207972,00","14351004,00","28617602,00","73784323,00","76837358,00","4627301,00","82420756,00","3449354,00","19662512,00","202943745,00","70462318,00","2703565,00","Brasil, MA"
2019-05-15 00:00:00,"44608590,00","681885113,00","18050259,00","29246540,00","87376166,00","95978061,00","6918824,00","89153671,00","2950227,00","19799202,00","183273136,00","70745476,00","7320971,00","Brasil, MA"
2019-06-15 00:00:00,"29087657,00","705266726,00","17707783,00","36005868,00","82086213,00","95920697,00","4956022,00","95016397,00","3611199,00","18788888,00","219363639,00","75720592,00","5222947,00","Brasil, MA"
2019-07-15 00:00:00,"28006174,00","719385218,00","14725633,00","30091480,00","85677256,00","90135061,00","5605960,00","99443842,00","2989414,00","22423901,00","206706298,00","75132854,00","23258592,00","Brasil, MA"
2019-08-15 00:00:00,"19500077,00","715356201,00","14711617,00","33520691,00","88117461,00","97751049,00","7508748,00","103583464,00","3194672,00","22039615,00","221206079,00","77040820,00","3823657,00","Brasil, MA"
2019-09-15 00:00:00,"20085140,00","753023799,00","16065316,00","33049942,00","84545792,00","99945293,00","6994811,00","125473987,00","3287539,00","19766795,00","241478028,00","75664509,00","3907482,00","Brasil, MA"
2019-10-15 00:00:00,"17201855,00","736875230,00","18157526,00","32350232,00","87996562,00","98827482,00","7222007,00","109038725,00","3596120,00","24555491,00","229605827,00","78042904,00","4253004,00","Brasil, MA"
2019-11-15 00:00:00,"12832163,00","800978387,00","23893797,00","33672714,00","91748986,00","106253565,00","8277493,00","110771008,00","3038610,00","21157471,00","281851440,00","79494388,00","4329739,00","Brasil, MA"
2019-12-15 00:00:00,"14166820,00","798904010,00","19378947,00","32691963,00","98815009,00","98768043,00","7824132,00","114945832,00","2541914,00","22706578,00","281540865,00","78440515,00","4199641,00","Brasil, MA"
2020-01-15 00:00:00,"43041077,00","905191684,00","16670987,00","34071970,00","120237429,00","102294306,00","7915714,00","122978332,00","2653451,00","22529302,00","300028807,00","84701832,00","7167192,00","Brasil, MA"
2020-02-15 00:00:00,"103038417,00","782738877,00","23310664,00","32007867,00","85880827,00","100743979,00","7402532,00","98501744,00","2539207,00","18280272,00","202360899,00","73631960,00","3159991,00","Brasil, MA"
2020-03-15 00:00:00,"52078165,00","694084490,00","16055688,00","32667814,00","75494081,00","89857400,00","6588257,00","100162548,00","2600773,00","20085653,00","199174643,00","69363102,00","3258093,00","Brasil, MA"
2020-04-15 00:00:00,"13132740,00","582444691,00","15632579,00","33010782,00","59784478,00","94813746,00","7863839,00","55269637,00","2534062,00","13755474,00","195603530,00","78147610,00","2399415,00","Brasil, MA"
2020-05-15 00:00:00,"21758602,00","525611068,00","18425224,00","32117252,00","60115735,00","84260198,00","9213930,00","72689454,00","2713854,00","16484373,00","136839848,00","57763877,00","2925095,00","Brasil, MA"
2020-06-15 00:00:00,"47881608,00","595863605,00","54882069,00","31138875,00","71261901,00","107439779,00","6879503,00","76397990,00","3198266,00","21691040,00","91830025,00","56680647,00","3390691,00","Brasil, MA"
2020-07-15 00:00:00,"51620596,00","736992368,00","62668108,00","33771354,00","111778754,00","125999286,00","8272764,00","110430393,00","3143571,00","26093615,00","106060817,00","60321731,00","5171525,00","Brasil, MA"
2020-08-15 00:00:00,"32303253,00","829123948,00","76103970,00","36345183,00","127729688,00","162361549,00","9297368,00","129515454,00","3654282,00","25355959,00","110633924,00","75824047,00","7033151,00","Brasil, MA"
2020-09-15 00:00:00,"39441485,00","821756239,00","17735131,00","35610938,00","131369273,00","143511122,00","9166466,00","131264743,00","3530780,00","26972790,00","165259438,00","81249584,00","4470713,00","Brasil, MA"
2020-10-15 00:00:00,"21840366,00","830785669,00","19453927,00","36296807,00","118882562,00","141839648,00","8907117,00","133458997,00","4195516,00","30592987,00","196638278,00","83100994,00","6885481,00","Brasil, MA"
2020-11-15 00:00:00,"18778816,00","816426253,00","17541897,00","36785918,00","117242970,00","145835643,00","12343118,00","144174197,00","3995861,00","30594747,00","163002259,00","91820620,00","6495225,00","Brasil, MA"
2020-12-15 00:00:00,"19522583,00","839608752,00","18588913,00","38470716,00","130714676,00","144695951,00","9789284,00","142619326,00","2863821,00","32443509,00","180135570,00","84558230,00","6277081,00","Brasil, MA"
2021-01-15 00:00:00,"36365192,00","1028962235,00","21654809,00","84454207,00","147589834,00","141370176,00","11443611,00","142785788,00","3682071,00","28726547,00","280031291,00","86753904,00","5470691,00","Brasil, MA"
2021-02-15 00:00:00,"97533778,00","864984340,00","16116347,00","33358258,00","109013677,00","123245308,00","8617236,00","125448009,00","3230631,00","24662693,00","208196002,00","77070643,00","4582527,00","Brasil, MA"
2021-03-15 00:00:00,"73655798,00","814097506,00","14993808,00","32923813,00","95476205,00","120271670,00","9403789,00","109612801,00","3891685,00","28136059,00","210136237,00","78826956,00","4844931,00","Brasil, MA"
2021-04-15 00:00:00,"31940675,00","783156745,00","16976019,00","34351256,00","97591727,00","141785247,00","8113347,00","89631948,00","4381560,00","25319551,00","224577905,00","76949597,00","4104108,00","Brasil, MA"
2021-05-15 00:00:00,"45690330,00","811666073,00","14997948,00","33220648,00","91078079,00","133390080,00","7080381,00","92834428,00","4166967,00","26158613,00","249633766,00","79920186,00","4298339,00","Brasil, MA"
2021-06-15 00:00:00,"41233596,00","864683922,00","23499149,00","34248596,00","104559826,00","146152177,00","9467215,00","107817334,00","6801030,00","28645881,00","182944433,00","81877632,00","5192941,00","Brasil, MA"
2021-07-15 00:00:00,"45922887,00","937261221,00","20203956,00","39777121,00","131304358,00","174190672,00","9512511,00","114741116,00","5443392,00","32874185,00","228867339,00","87887155,00","11748184,00","Brasil, MA"
2021-08-15 00:00:00,"42722335,00","927324958,00","23397966,00","34178504,00","127452208,00","166503230,00","9139008,00","132421335,00","5419248,00","33092711,00","220729202,00","91282893,00","7112632,00","Brasil, MA"
2021-09-15 00:00:00,"28850132,00","899827373,00","28307453,00","34190161,00","123026887,00","155977187,00","11100177,00","136578701,00","4445308,00","33497139,00","204267291,00","101248404,00","6728782,00","Brasil, MA"
2021-10-15 00:00:00,"22200213,00","933917426,00","27308307,00","32465047,00","119059047,00","152811538,00","10585686,00","147076414,00","5238458,00","28916115,00","240967255,00","107832145,00","6974125,00","Brasil, MA"
2021-11-15 00:00:00,"19729246,00","1022290253,00","28223013,00","32115234,00","131801759,00","142475195,00","10357533,00","143554360,00","5610307,00","34230349,00","318154772,00","118284838,00","5352416,00","Brasil, MA"
2021-12-15 00:00:00,"30225659,00","1061966062,00","23946369,00","30167094,00","149763710,00","166212730,00","12493931,00","140327643,00","6297711,00","29009974,00","312384514,00","113045019,00","7581288,00","Brasil, MA"
2022-01-15 00:00:00,"52170605,00","1027568727,00","47239847,00","32108672,00","151870354,00","160496615,00","9730121,00","152784768,00","7826853,00","22279755,00","241135296,00","105470735,00","6584505,00","Brasil, MA"
2022-02-15 00:00:00,"117851146,00","938391223,00","21091944,00","30448514,00","108935301,00","138473393,00","8744311,00","108578749,00","6182442,00","21374744,00","240739770,00","92616145,00","6005323,00","Brasil, MA"
2022-03-15 00:00:00,"97361402,00","1013555834,00","20208857,00","31473546,00","108615253,00","146282368,00","8298723,00","115970272,00","10239240,00","28825324,00","305082666,00","93043912,00","7285614,00","Brasil, MA"
2022-04-15 00:00:00,"75444194,00","1033727655,00","25513073,00","29244450,00","117068695,00","163269418,00","9290714,00","120350740,00","5700669,00","29386589,00","320800089,00","97331248,00","5309927,00","Brasil, MA"
2022-05-15 00:00:00,"85197751,00","999751029,00","25957926,00","31121817,00","131342346,00","147218956,00","9629804,00","121415444,00","4310111,00","33394726,00","273135313,00","86898711,00","8079784,00","Brasil, MA"
2022-06-15 00:00:00,"62597309,00","1307763783,00","25940267,00","28839786,00","132915129,00","170919908,00","10157478,00","125910607,00","6059513,00","29824152,00","584883705,00","86516831,00","5680084,00","Brasil, MA"
2022-07-15 00:00:00,"48189439,00","953148951,00","27254999,00","30653160,00","123400047,00","175511169,00","10403560,00","142500800,00","5714958,00","31256074,00","231806775,00","83773798,00","6610840,00","Brasil, MA"
2022-08-15 00:00:00,"41639422,00","1106889213,00","31064335,00","28518658,00","135104948,00","181306650,00","12432651,00","157844095,00","5825457,00","30844003,00","363583683,00","73440687,00","6375672,00","Brasil, MA"
2022-09-15 00:00:00,"31205805,00","1340462697,00","30881346,00","22482689,00","131071564,00","192713223,00","11599650,00","181788385,00","5925486,00","32855614,00","580568534,00","77395102,00","5536860,00","Brasil, MA"
2022-10-15 00:00:00,"23091326,00","1009876156,00","34270918,00","19067539,00","135074909,00","176689164,00","11641871,00","165186289,00","5432252,00","51171950,00","268193498,00","80333124,00","5934255,00","Brasil, MA"
